c1	MS.1.7.lemma20.000	MS.1.7.lemma20.001	MS.1.7.lemma20.002	MS.1.7.lemma20.003	MS.1.7.lemma20.004	MS.1.7.lemma20.005	MS.1.7.lemma20.006	MS.1.7.lemma20.007	MS.1.7.lemma20.008	MS.1.7.lemma20.009	MS.1.7.lemma20.010	MS.1.7.lemma20.011	MS.1.7.lemma20.012	MS.1.7.lemma20.013	MS.1.7.lemma20.014	MS.1.7.lemma20.015	MS.1.7.lemma20.016	MS.1.7.lemma20.017	MS.1.7.lemma20.018	MS.1.7.lemma20.019	MS.1.7.lemma20.020	MS.1.7.lemma20.021	MS.1.7.lemma20.022	MS.1.7.lemma20.023	MS.1.7.lemma20.024	MS.1.7.lemma20.025	MS.1.7.lemma20.026	MS.1.7.lemma20.027	MS.1.7.lemma20.028	MS.1.7.lemma20.029	MS.1.7.lemma20.030	MS.1.7.lemma20.031	MS.1.7.lemma20.032	MS.1.7.lemma20.033	MS.1.7.lemma20.034	MS.1.7.lemma20.035	MS.1.7.lemma20.036
MS.1.6.lemma20.000	0.9483261	0.8199743	0.7757679	0.9571561	0.9545643	0.94557714	0.82422185	0.83138937	0.8376691	0.93037933	0.8351415	0.94738877	0.957002	0.8920431	0.9245358	0.89478195	0.95466614	0.8549763	0.9292034	0.95579475	0.9616354	0.9430878	0.9353462	0.9590929	0.94114494	0.9008769	0.93189156	0.90111196	0.8826347	0.9517618	0.9616192	0.92078716	0.95122224	0.95202935	0.90688366	0.9362007	0.9292758
MS.1.6.lemma20.001	0.9617169	0.8876798	0.7965529	0.94006515	0.9256581	0.95822704	0.87974435	0.8747654	0.909859	0.9430871	0.90767807	0.9372325	0.9517859	0.9142578	0.9229244	0.91094244	0.94581765	0.86759496	0.9246954	0.94047666	0.9527112	0.94068694	0.9389255	0.9383489	0.91987497	0.9107706	0.9297199	0.8888393	0.9092531	0.9561935	0.9590356	0.93235177	0.9526613	0.9608151	0.92016906	0.95476484	0.956576
MS.1.6.lemma20.002	0.9552999	0.8360941	0.75908786	0.9544953	0.94568646	0.9562196	0.83577764	0.84887564	0.841932	0.9350683	0.84516823	0.95086014	0.9556157	0.89468396	0.9264929	0.9054264	0.95619625	0.8515768	0.9262459	0.96283364	0.9643589	0.9454983	0.9456973	0.9601269	0.93951535	0.91023725	0.93244374	0.8984513	0.8991768	0.9523862	0.97006327	0.9347011	0.9527607	0.9521029	0.90932655	0.944833	0.9350762
MS.1.6.lemma20.003	0.96021146	0.90495694	0.8419937	0.95196426	0.9340946	0.96506894	0.8903736	0.8950341	0.8990857	0.9327016	0.90425116	0.9586738	0.9476037	0.9224788	0.9440967	0.9331237	0.9464477	0.8955179	0.937357	0.941988	0.9476073	0.9439763	0.9395542	0.9390528	0.9379098	0.9420184	0.9457953	0.9129461	0.92836773	0.96204805	0.95183074	0.93724644	0.96331346	0.9611177	0.8903428	0.9500298	0.95000786
MS.1.6.lemma20.004	0.97326946	0.8740636	0.8063359	0.95478094	0.9443449	0.9712263	0.89009833	0.88920563	0.89897263	0.941695	0.891126	0.95418525	0.9481551	0.9136453	0.9500075	0.9213721	0.9506512	0.89060897	0.9466642	0.9585187	0.9692079	0.96332675	0.9497142	0.9481197	0.9485828	0.93031245	0.9498115	0.90868753	0.9250253	0.95878416	0.96016073	0.9560497	0.9631631	0.95586777	0.90579504	0.9510399	0.9479041
MS.1.6.lemma20.005	0.97098005	0.8526672	0.77743846	0.9667676	0.93837667	0.9618814	0.8653921	0.87264293	0.8759242	0.94134295	0.88891286	0.94972634	0.9521917	0.90398204	0.9380965	0.9223243	0.956651	0.86302054	0.93899655	0.9480144	0.9706198	0.95797545	0.948175	0.9444307	0.9383353	0.9292076	0.94513285	0.8874219	0.9245779	0.9661952	0.964208	0.9514281	0.9610617	0.9656171	0.89550984	0.9528682	0.95157087
MS.1.6.lemma20.006	0.9645544	0.8510463	0.80943674	0.9333336	0.93464845	0.9647414	0.90713304	0.8713336	0.894207	0.9603006	0.8766392	0.9453965	0.93102944	0.9142904	0.9304062	0.8805002	0.93215185	0.88962543	0.9304061	0.9446166	0.9470244	0.94182736	0.9225676	0.93700653	0.91333485	0.905928	0.9389353	0.88105464	0.90521383	0.94876534	0.94490373	0.9244376	0.9540475	0.933712	0.9227127	0.9575351	0.92895126
MS.1.6.lemma20.007	0.937467	0.83813906	0.77876973	0.9495106	0.926759	0.9493208	0.8712003	0.8786427	0.8604635	0.9383232	0.8347746	0.9381864	0.9398414	0.91519904	0.9260817	0.89756507	0.9504767	0.8773998	0.92992127	0.94866014	0.95168924	0.9415884	0.9337521	0.9512257	0.92183256	0.90988624	0.94229335	0.8856458	0.90415215	0.94107795	0.95656765	0.9242747	0.9390514	0.9425638	0.8926365	0.94106567	0.91590285
MS.1.6.lemma20.008	0.94904256	0.9045193	0.8441713	0.9299323	0.9132554	0.94867754	0.9018107	0.89540553	0.9183667	0.91878414	0.9157671	0.9428578	0.932467	0.9179913	0.93334836	0.9176892	0.92566955	0.905884	0.92822933	0.91834927	0.9288543	0.9334227	0.92365307	0.9141532	0.91957664	0.92971385	0.9365945	0.89579874	0.9272815	0.9415299	0.9265068	0.9315101	0.94648236	0.9493221	0.8589796	0.92733234	0.93809706
MS.1.6.lemma20.009	0.95441943	0.8770133	0.8021252	0.9184128	0.90325165	0.9488195	0.9000745	0.870188	0.9279043	0.9236222	0.91100067	0.9357637	0.9171892	0.9174341	0.92963463	0.87438893	0.91485083	0.89201707	0.9199893	0.9296136	0.92817867	0.93520653	0.92301434	0.91029096	0.90762925	0.9088044	0.93036026	0.88492376	0.90339655	0.92249143	0.9220995	0.9361242	0.9417286	0.9278729	0.8907768	0.9309677	0.92748904
MS.1.6.lemma20.010	0.9669019	0.8695463	0.791026	0.9608232	0.94552225	0.9684869	0.8714941	0.87768435	0.8890474	0.94586587	0.8897674	0.95673704	0.9586427	0.9084121	0.94423044	0.9238913	0.9613402	0.88718843	0.9345851	0.9595449	0.96750516	0.9557818	0.94793016	0.9556443	0.9440136	0.9292538	0.95271075	0.90735805	0.93238556	0.962927	0.96608865	0.94927585	0.9639405	0.96534395	0.90422964	0.95125973	0.9541176
MS.1.6.lemma20.011	0.9680659	0.872838	0.7924516	0.94458634	0.93313694	0.9568926	0.8891905	0.88872695	0.90174973	0.94440377	0.9071169	0.94681656	0.940766	0.91354096	0.94758797	0.9052074	0.9486498	0.8889913	0.9433863	0.94546336	0.9606364	0.9602186	0.95024407	0.93111813	0.93640685	0.93051964	0.95310104	0.89675736	0.92640597	0.94870865	0.9516495	0.9557353	0.9611463	0.9485466	0.8956978	0.9407005	0.9477222
MS.1.6.lemma20.012	0.971568	0.87772	0.7779169	0.9537271	0.9315893	0.9574268	0.87016124	0.881994	0.88369733	0.93477595	0.9073978	0.94934	0.9589404	0.9056264	0.9412477	0.9305484	0.9564787	0.8695366	0.9383344	0.9478593	0.965266	0.9585987	0.9515976	0.9484589	0.950705	0.93876576	0.94590753	0.9039864	0.9310098	0.9636667	0.96667993	0.9557694	0.9576059	0.958791	0.89779645	0.94957423	0.95961773
MS.1.6.lemma20.013	0.95915186	0.87074083	0.7900647	0.94329536	0.9306621	0.9618604	0.86037004	0.8552651	0.8701391	0.9387399	0.89059603	0.9446243	0.9527064	0.9006906	0.92343813	0.92419755	0.9476208	0.8620965	0.93847585	0.93768436	0.95539004	0.9470773	0.94697183	0.95116377	0.9421228	0.9274204	0.93755525	0.8971636	0.9146827	0.9599431	0.95723355	0.92601943	0.9463215	0.951041	0.90216756	0.94891214	0.9548763
MS.1.6.lemma20.014	0.95908475	0.8664037	0.79301995	0.958196	0.94433206	0.9520947	0.8390863	0.8531642	0.8587877	0.93248177	0.8777211	0.9505734	0.9600924	0.8882179	0.92598087	0.9140118	0.95982397	0.85019994	0.9259298	0.9489908	0.9687881	0.94217104	0.9443291	0.9523277	0.93606305	0.92386246	0.9392021	0.900627	0.90175873	0.96266377	0.96391314	0.93192565	0.95846653	0.9645314	0.9020008	0.94098645	0.95084184
MS.1.6.lemma20.015	0.94408476	0.8822171	0.82540727	0.9512296	0.92986965	0.95158654	0.8679471	0.8884373	0.8775989	0.9279185	0.8810527	0.94553804	0.9458104	0.89472705	0.92750835	0.923638	0.93802655	0.8638777	0.9210305	0.93964744	0.94983304	0.92747205	0.92999786	0.94048846	0.92285085	0.92164385	0.9279125	0.88657534	0.9172398	0.95131576	0.9466272	0.9203682	0.94334495	0.96413606	0.8823919	0.93527824	0.93920195
MS.1.6.lemma20.016	0.9455338	0.8699045	0.8494433	0.9336448	0.92685974	0.9376509	0.8836598	0.8790295	0.88410467	0.92472315	0.88103306	0.94550467	0.932716	0.89890003	0.9452595	0.9207783	0.94948363	0.8997522	0.92242336	0.9365822	0.9452429	0.92666984	0.9152137	0.9340506	0.9234061	0.9315138	0.94646525	0.9076716	0.9236698	0.9466057	0.94025403	0.9275626	0.9444695	0.93063736	0.8592747	0.9176503	0.9213106
MS.1.6.lemma20.017	0.95596254	0.8468954	0.7851443	0.94450295	0.94046426	0.94949615	0.84653044	0.830879	0.86119014	0.9283919	0.8617412	0.95286775	0.9515805	0.8961761	0.93507445	0.89230037	0.95156485	0.8767762	0.9334815	0.9558688	0.9553052	0.9519523	0.94056845	0.9531174	0.93661726	0.9237657	0.9465414	0.90344507	0.897434	0.95019054	0.95605886	0.9332067	0.95711607	0.93687266	0.9048535	0.93849796	0.93308043
MS.1.6.lemma20.018	0.9460438	0.8711573	0.82415426	0.9226934	0.92840815	0.9423562	0.9117695	0.89880955	0.89717185	0.93490493	0.8801005	0.9391232	0.9218275	0.9124899	0.9434346	0.9011781	0.9300944	0.9105416	0.9234871	0.9421954	0.9422281	0.92961323	0.9090277	0.9326605	0.92031527	0.9138834	0.94000053	0.90512496	0.9221475	0.935119	0.9400851	0.92651445	0.93799585	0.92028964	0.88390774	0.93220663	0.91217446
MS.1.6.lemma20.019	0.944898	0.8778887	0.8138062	0.8951342	0.88503444	0.9287868	0.9137119	0.88386655	0.91286993	0.9020305	0.90723556	0.91804683	0.8861915	0.89068985	0.9352981	0.89416254	0.89544785	0.9041193	0.91368556	0.90483534	0.90486974	0.9203496	0.8993368	0.8881877	0.90278435	0.9068767	0.9132166	0.8652672	0.92077976	0.90856606	0.8950598	0.9234874	0.92276365	0.8963603	0.8621571	0.9147663	0.91222113
MS.1.6.lemma20.020	0.94329447	0.8593122	0.792017	0.94579625	0.9250356	0.956206	0.8788048	0.88902617	0.8602123	0.9245142	0.8671746	0.93812746	0.9323099	0.8942425	0.9349532	0.9298296	0.9487107	0.8804711	0.9267599	0.93494904	0.95199406	0.9400818	0.9215433	0.94337016	0.93612075	0.91973066	0.9294803	0.89680344	0.9346276	0.9470785	0.9448955	0.92609215	0.94153464	0.94454646	0.8842925	0.94648117	0.93092257
MS.1.6.lemma20.021	0.9563658	0.85043716	0.78289557	0.9501463	0.9379358	0.9524152	0.87178075	0.87229097	0.8805384	0.9390259	0.8744659	0.94878757	0.94987035	0.9096221	0.94733673	0.90572345	0.95948076	0.8860718	0.94109607	0.9583037	0.97238404	0.9664936	0.9370273	0.94989693	0.94668174	0.920311	0.9560143	0.9039608	0.92125916	0.9514336	0.96274006	0.9488583	0.95245016	0.94236517	0.9020811	0.9453012	0.9359278
MS.1.6.lemma20.022	0.95740116	0.8859424	0.8102143	0.9367677	0.91732466	0.94951785	0.8968675	0.8866693	0.9194413	0.93591976	0.91091764	0.94925725	0.94748986	0.93005115	0.94588846	0.89463097	0.9554142	0.9032604	0.9379462	0.9475894	0.95417833	0.9480104	0.9514895	0.94146854	0.91561764	0.9288564	0.9509925	0.9032731	0.9273793	0.9472308	0.9554116	0.95332694	0.95901406	0.952003	0.90561116	0.9481466	0.9445874
MS.1.6.lemma20.023	0.9585114	0.85691047	0.7965123	0.9561873	0.9481726	0.95845866	0.8661979	0.8662211	0.85558474	0.9441048	0.8654102	0.9469081	0.937848	0.89406306	0.9379081	0.9081809	0.9468442	0.8768245	0.93704724	0.954303	0.95850444	0.95230514	0.9379363	0.9550221	0.9417348	0.91815996	0.9288863	0.90977526	0.9105414	0.96323353	0.9559909	0.9307137	0.9641256	0.9442736	0.9130041	0.95546144	0.9409785
MS.1.6.lemma20.024	0.79440415	0.8120196	0.789699	0.7875713	0.78021324	0.7991736	0.8119652	0.79900384	0.77827334	0.75833815	0.7609613	0.80471313	0.754833	0.7931938	0.7945969	0.78333247	0.7384747	0.82507694	0.77969754	0.79443544	0.76655674	0.7709545	0.7574816	0.7701218	0.8229269	0.7787969	0.76088053	0.7898368	0.7942709	0.76988506	0.7453587	0.7709693	0.8086007	0.7695425	0.7260251	0.79564965	0.79031956
MS.1.6.lemma20.025	0.92593515	0.82679445	0.7992735	0.91429436	0.914684	0.9079925	0.8502022	0.8238423	0.83926916	0.91399544	0.84168255	0.93286884	0.91345567	0.89414537	0.926525	0.87136495	0.91411006	0.87961334	0.9115053	0.9155662	0.9180849	0.9131815	0.88051826	0.91365457	0.9190802	0.8943833	0.9316391	0.88901186	0.8824514	0.92103314	0.9150845	0.8876889	0.9217149	0.8930042	0.8602153	0.907529	0.8912575
MS.1.6.lemma20.026	0.9457614	0.8175864	0.75433385	0.9472391	0.9357923	0.9347535	0.82350767	0.8149836	0.8285029	0.9277162	0.83769906	0.9451871	0.9505669	0.88912535	0.9239632	0.87914234	0.95050967	0.85357636	0.9324245	0.93740964	0.94963545	0.9485861	0.92806983	0.9437239	0.9269575	0.90412426	0.94116956	0.896584	0.88754594	0.94767743	0.9556253	0.9172634	0.93917274	0.92795247	0.89017904	0.93064296	0.9180354
MS.1.6.lemma20.027	0.9390133	0.8230262	0.7548571	0.94067055	0.92640567	0.9367895	0.83039683	0.84118783	0.84599555	0.9339569	0.8332881	0.93135566	0.9418299	0.8820516	0.9123637	0.89306784	0.95094424	0.8462273	0.9228798	0.9484155	0.953015	0.9364008	0.9284233	0.954472	0.9256382	0.899722	0.9299415	0.8829485	0.88513726	0.9504275	0.9582006	0.91593087	0.93024826	0.935166	0.89967936	0.9292488	0.92118853
MS.1.6.lemma20.028	0.9521827	0.8519416	0.81376976	0.95602876	0.9535367	0.94286585	0.8638973	0.8644438	0.84871745	0.9273517	0.8592899	0.9592645	0.94992334	0.9060158	0.93958485	0.8976786	0.9471831	0.8788059	0.92831427	0.94943875	0.95492744	0.9408692	0.9369614	0.9498409	0.9429088	0.9226158	0.94533175	0.9156194	0.90496063	0.9501911	0.9523472	0.9296407	0.94685185	0.9446051	0.897715	0.94174093	0.93174076
MS.1.6.lemma20.029	0.9476835	0.84658897	0.8131685	0.94110304	0.93741053	0.9418092	0.8784956	0.86764115	0.8644991	0.93399525	0.8531664	0.94458973	0.92518437	0.9001735	0.94897485	0.8935621	0.9312223	0.88411933	0.9341019	0.9436028	0.94399506	0.934634	0.91918457	0.9344982	0.91987944	0.9124737	0.93866765	0.89837766	0.8985734	0.9387251	0.93699694	0.9191929	0.9417323	0.9194586	0.86853385	0.92372596	0.90839636
MS.1.6.lemma20.030	0.9519872	0.87182224	0.78302383	0.948424	0.938045	0.94560575	0.8488214	0.86323166	0.86610854	0.9328013	0.87634754	0.94041836	0.9485078	0.90354764	0.929983	0.8967972	0.95119184	0.8707007	0.9359579	0.94920856	0.9543725	0.94632614	0.95347244	0.94364965	0.9383506	0.91779387	0.93482125	0.8998921	0.90737325	0.9482291	0.95784897	0.94529665	0.95820427	0.9525904	0.9129481	0.95029694	0.94860554
MS.1.6.lemma20.031	0.94667685	0.83767515	0.7785045	0.94055855	0.9394862	0.9488457	0.8688402	0.85824585	0.8725875	0.94193095	0.85969615	0.9498588	0.9410543	0.90759873	0.9373083	0.8871988	0.9489302	0.8915554	0.9235771	0.9513277	0.9561194	0.9426804	0.93856144	0.9370539	0.92784166	0.9041542	0.94756687	0.89589655	0.92206764	0.9379619	0.9493249	0.9564264	0.95845675	0.9340422	0.8842091	0.9304968	0.92346746
MS.1.6.lemma20.032	0.9707042	0.8582506	0.78003794	0.9453635	0.93777937	0.9619439	0.87787044	0.8565712	0.89384305	0.95273715	0.8912758	0.9563789	0.9518372	0.9245269	0.9477322	0.88819313	0.95618373	0.8935473	0.9388647	0.9613542	0.9602815	0.95688486	0.9444183	0.9497302	0.9304202	0.9189751	0.9526373	0.9077728	0.91083384	0.9497106	0.9627777	0.94949645	0.96883184	0.9445534	0.9261215	0.95460224	0.94238174
MS.1.6.lemma20.033	0.9607613	0.8682506	0.8129743	0.9338826	0.93247044	0.9599602	0.8884651	0.8739643	0.89915556	0.9420639	0.8995133	0.9408656	0.925651	0.90749645	0.94262505	0.9004478	0.9366491	0.8923338	0.93872464	0.9445016	0.94515127	0.9479147	0.93717754	0.92826205	0.92269135	0.91939664	0.9335387	0.8942294	0.9138771	0.94431955	0.9372075	0.94398415	0.95618606	0.9357574	0.90115255	0.9439893	0.93406105
MS.1.6.lemma20.034	0.9534526	0.8551325	0.79793364	0.95614696	0.93156815	0.96468854	0.8824386	0.885911	0.8758333	0.94042844	0.8717283	0.9429693	0.94681805	0.9056475	0.93552554	0.9217435	0.94748545	0.8806862	0.93862873	0.944615	0.9592887	0.959339	0.9415785	0.93917584	0.94414544	0.92625284	0.9387485	0.8928731	0.93157977	0.9513073	0.9526199	0.93919325	0.95116407	0.9529534	0.878608	0.9431148	0.93302625
MS.1.6.lemma20.035	0.9561266	0.8346649	0.7590728	0.95002824	0.9359969	0.95017135	0.8377669	0.84115523	0.854871	0.9432282	0.8515922	0.9389281	0.9546449	0.8956772	0.9203334	0.89186716	0.9561268	0.8540163	0.92658156	0.9518035	0.95447147	0.94069827	0.93987995	0.95486194	0.9259268	0.9069077	0.9368762	0.8867662	0.89464974	0.9595692	0.971116	0.92992	0.94712305	0.9500158	0.9204991	0.94472986	0.9410766
MS.1.6.lemma20.036	0.9483199	0.85441375	0.8063817	0.94100434	0.94497025	0.9468065	0.8533731	0.84588736	0.8547442	0.938506	0.8556114	0.9492237	0.954279	0.9085336	0.9295753	0.88928926	0.95026284	0.88249767	0.9442115	0.94348145	0.94866675	0.94659305	0.9457004	0.94635606	0.92694545	0.9152586	0.9413222	0.90300447	0.89535236	0.9525225	0.9605683	0.92473626	0.9468353	0.9397767	0.9063973	0.94507265	0.9356222
MS.1.6.lemma20.037	0.9542542	0.8589593	0.837682	0.9420255	0.93739426	0.9486812	0.89822626	0.87196153	0.8866086	0.94036853	0.8729209	0.95935166	0.937223	0.9206892	0.94928	0.89774054	0.945674	0.91390646	0.94000477	0.9538432	0.95277166	0.9501628	0.9257159	0.94047904	0.940874	0.9285387	0.958209	0.90898585	0.9189445	0.9447241	0.94247997	0.9305219	0.95432365	0.93182987	0.89476866	0.94576406	0.9217198
MS.1.6.lemma20.038	0.95145833	0.86300606	0.7936263	0.96355206	0.94412005	0.96399903	0.86943907	0.8923039	0.86515117	0.9365136	0.8583454	0.9458653	0.94639724	0.8943469	0.941064	0.9286169	0.95384705	0.8844053	0.93434894	0.9574898	0.9663056	0.95461285	0.9433235	0.9511973	0.94578135	0.92658675	0.9384405	0.89702606	0.9361745	0.95519626	0.9617369	0.9463168	0.9592136	0.957514	0.8846202	0.94658357	0.936147
MS.1.6.lemma20.039	0.93689287	0.86098635	0.8044227	0.9495613	0.93129575	0.9419909	0.85716045	0.8653275	0.835882	0.92085105	0.85118985	0.94493955	0.94414914	0.8892522	0.92270595	0.92473173	0.9359854	0.8612397	0.920608	0.9278434	0.9414451	0.9341111	0.9167273	0.94344234	0.9329732	0.918465	0.92000675	0.897651	0.91604704	0.9549298	0.9439628	0.91025597	0.93654954	0.94105196	0.8725973	0.9408698	0.9261372
MS.1.6.lemma20.040	0.8983154	0.87712735	0.849938	0.90263486	0.89066035	0.9168819	0.8798419	0.88435304	0.848272	0.8989966	0.86276275	0.90325546	0.9042611	0.88342154	0.88820904	0.89064175	0.88093275	0.8485299	0.8907859	0.878661	0.8976222	0.8872764	0.8928766	0.8875086	0.8789848	0.8834182	0.8842099	0.8615571	0.88393146	0.9163319	0.8980632	0.86987084	0.9067582	0.9323771	0.84344506	0.9040283	0.91532147
MS.1.6.lemma20.041	0.96430755	0.859367	0.80197805	0.9539703	0.9430016	0.957662	0.88326573	0.8852756	0.8775089	0.9471284	0.86731005	0.9397879	0.94143295	0.900651	0.92958266	0.9007229	0.94670606	0.8761611	0.9329644	0.9525661	0.9595632	0.95216817	0.9385253	0.94583464	0.92330456	0.91326725	0.93173945	0.8915659	0.90866876	0.9555373	0.9603051	0.9405326	0.95722675	0.96201915	0.90630054	0.9470445	0.9359958
MS.1.6.lemma20.042	0.90690213	0.8571181	0.81069684	0.90239763	0.8832241	0.9242945	0.89579654	0.8769021	0.8927999	0.904641	0.84090817	0.91161686	0.8879975	0.9118547	0.9171821	0.86919796	0.901817	0.90299493	0.90183216	0.92029667	0.9008498	0.9119015	0.8803576	0.90851045	0.9011419	0.8803489	0.9027678	0.8686727	0.90286845	0.8910393	0.9015569	0.8936626	0.9190544	0.8923755	0.88353014	0.91807044	0.8722968
MS.1.6.lemma20.043	0.94651914	0.85977864	0.793555	0.9293048	0.9073684	0.95143557	0.8975365	0.8749082	0.9098741	0.93299174	0.88084936	0.9367843	0.9238132	0.9175763	0.94291496	0.8929108	0.93578076	0.9012584	0.9231661	0.94683015	0.9354909	0.9423461	0.91256005	0.93454814	0.9194418	0.90219104	0.93028665	0.8824961	0.92541665	0.9232578	0.9356295	0.9308748	0.9468798	0.9216515	0.90673625	0.93910384	0.9136021
MS.1.6.lemma20.044	0.93657273	0.86427927	0.8026892	0.9264538	0.90672207	0.94768465	0.895908	0.87245136	0.90932	0.92845494	0.87277853	0.939598	0.9189834	0.92614937	0.94118094	0.8888396	0.9343487	0.9087274	0.92474365	0.942885	0.9303297	0.9357598	0.90888774	0.9314096	0.91931903	0.8994249	0.9306484	0.8865317	0.9183185	0.92048985	0.9307573	0.92216694	0.9448452	0.91924345	0.9033352	0.9395677	0.90564513
MS.1.6.lemma20.045	0.9153562	0.8494808	0.82995284	0.92404807	0.9333056	0.90700674	0.8707874	0.8933778	0.8335187	0.8962847	0.83033496	0.9179618	0.9105716	0.87511635	0.9164834	0.9118746	0.9153201	0.8819841	0.8958828	0.914905	0.9175248	0.8895489	0.88746923	0.91541934	0.90400434	0.8904342	0.89932394	0.88423085	0.9013854	0.93056494	0.91270834	0.898731	0.91564584	0.91338056	0.84817415	0.91334975	0.89376724
MS.1.6.lemma20.046	0.95643455	0.85138565	0.79746675	0.9390071	0.9365378	0.95571065	0.8855145	0.8612634	0.9041934	0.9377667	0.871408	0.9522573	0.9379488	0.91911143	0.95144355	0.8867509	0.94533336	0.9086493	0.9363144	0.95810086	0.9455227	0.9505833	0.92557305	0.9457501	0.92650354	0.90985143	0.94742614	0.902118	0.90463895	0.93683136	0.94641393	0.9384389	0.95719534	0.92865264	0.9187566	0.94167495	0.9186563
MS.1.6.lemma20.047	0.96307695	0.8545648	0.7938256	0.945333	0.9404417	0.95399356	0.868152	0.84554356	0.8802185	0.9343945	0.87236595	0.9685183	0.9584488	0.9249959	0.9500617	0.89492	0.9513078	0.88622683	0.9396377	0.9594688	0.95720804	0.95493597	0.94040555	0.95039254	0.93212414	0.9187151	0.95643294	0.9077472	0.9105483	0.9499495	0.95451	0.94180274	0.9615286	0.9408548	0.9100558	0.94617456	0.9301871
MS.1.6.lemma20.048	0.95025676	0.8740357	0.7969465	0.9504965	0.9285593	0.94674945	0.87221384	0.8856427	0.87261057	0.92602015	0.90051717	0.9488214	0.9437853	0.905148	0.939425	0.9373176	0.9447964	0.8576604	0.9285903	0.9307375	0.9530948	0.9410345	0.93268776	0.93489325	0.93138534	0.9235873	0.9332142	0.90487874	0.92648363	0.95115024	0.9494853	0.930061	0.9448966	0.9543161	0.87846696	0.9366283	0.94787556
MS.1.6.lemma20.049	0.95322084	0.871179	0.8314497	0.9492925	0.9419584	0.9603364	0.880833	0.88661665	0.8753515	0.939004	0.87053096	0.9519368	0.9496531	0.9118059	0.9337839	0.92286295	0.93717235	0.869719	0.9242301	0.94345784	0.9524562	0.9293148	0.92965573	0.94125915	0.92656577	0.90547705	0.93061197	0.8942481	0.91347754	0.95262146	0.94776386	0.9227491	0.946273	0.96058154	0.89931387	0.9390683	0.94411486
MS.1.6.lemma20.050	0.93068904	0.82761765	0.75011	0.9334017	0.9134515	0.92779356	0.82836664	0.8386554	0.8584322	0.91451126	0.851524	0.9221626	0.94681144	0.8833204	0.8998145	0.88367707	0.9300534	0.8206304	0.89435184	0.9207013	0.94299734	0.91985583	0.91784686	0.9228932	0.8995653	0.8828062	0.9184913	0.8610693	0.8912933	0.9292983	0.94486946	0.91601413	0.92006624	0.9398655	0.8864418	0.9095895	0.9266796
MS.1.6.lemma20.051	0.9486065	0.86427754	0.7583376	0.9521453	0.92238855	0.9444871	0.83863586	0.86056113	0.83981943	0.9182816	0.8785358	0.93160146	0.9433306	0.884189	0.9231758	0.91227984	0.9495801	0.8419933	0.92387205	0.93194604	0.9647852	0.94138575	0.94086236	0.93685716	0.9303237	0.9174372	0.9212726	0.8888523	0.914893	0.95130795	0.96085334	0.92922556	0.9452661	0.95843035	0.8975648	0.9451675	0.9506047
MS.1.6.lemma20.052	0.9612249	0.85257804	0.80208576	0.95225257	0.9418335	0.9593179	0.8810975	0.8785787	0.88193375	0.9490726	0.8687348	0.9537438	0.9510188	0.9058852	0.9449227	0.9159383	0.957193	0.8813166	0.9365038	0.96322197	0.96736306	0.9552894	0.93856955	0.95896894	0.9364662	0.92369974	0.94359976	0.89927703	0.92028403	0.9599978	0.96106434	0.9436129	0.9608636	0.95238423	0.9008808	0.9451554	0.9381048
MS.1.6.lemma20.053	0.9013613	0.81874824	0.7490457	0.8954379	0.9007312	0.8939203	0.7898493	0.77115506	0.809039	0.8814168	0.8190585	0.9117633	0.9304024	0.86155576	0.8657975	0.8488439	0.90441	0.8131392	0.8773089	0.9029336	0.9045311	0.8846208	0.8864418	0.9174746	0.88208854	0.8583133	0.8897533	0.8833406	0.82372594	0.9101689	0.91510963	0.86098635	0.9076918	0.9029832	0.8877021	0.9086114	0.9133261
MS.1.6.lemma20.054	0.9654418	0.85884833	0.8101206	0.9644073	0.9555664	0.95304424	0.86222345	0.86470604	0.85711026	0.9401654	0.8787623	0.9589539	0.9583236	0.90543973	0.9466743	0.9237218	0.95720065	0.8760804	0.9449678	0.9523575	0.96866494	0.95706826	0.9423976	0.9561192	0.95640355	0.9336612	0.9457582	0.91638047	0.9152883	0.9669144	0.96281195	0.94055915	0.9662723	0.9569954	0.8975508	0.95225716	0.9505082
MS.1.6.lemma20.055	0.9561068	0.85864824	0.7855447	0.95410055	0.9352099	0.95770305	0.8814024	0.8807323	0.87796384	0.94195366	0.88078123	0.94652003	0.94170165	0.8996507	0.93762565	0.898455	0.9482822	0.87572014	0.93423116	0.9530598	0.9628044	0.9557288	0.9349722	0.945201	0.93302524	0.9161651	0.9338319	0.8910007	0.91970813	0.95505655	0.9566241	0.9437888	0.95801777	0.95507985	0.9150721	0.9504394	0.9412828
MS.1.6.lemma20.056	0.93685454	0.84800905	0.7923523	0.9473972	0.92918706	0.946093	0.85563505	0.8694428	0.87322915	0.9186826	0.8566812	0.9335012	0.93731165	0.90053004	0.9229819	0.9163078	0.9400122	0.8640471	0.9216234	0.94367427	0.95247495	0.9330316	0.92807114	0.94099045	0.9318143	0.89787734	0.9175162	0.89005995	0.9036212	0.938435	0.9411032	0.92048883	0.94224256	0.94668895	0.9032285	0.93597865	0.92876756
MS.1.6.lemma20.057	0.95574	0.8600523	0.81645286	0.93907243	0.9301671	0.9600731	0.8865983	0.8765386	0.8918647	0.94031847	0.88063467	0.9405818	0.92814004	0.9066676	0.92820936	0.90236133	0.935037	0.87621486	0.9284636	0.94556296	0.9482288	0.9332275	0.93513817	0.9346864	0.92202485	0.9066191	0.9256747	0.88341457	0.9020338	0.944416	0.9478937	0.9266401	0.9481046	0.95322853	0.90013283	0.93746877	0.94204116
MS.1.6.lemma20.058	0.9250177	0.82893634	0.79901063	0.91561043	0.92338777	0.92722464	0.84056866	0.8241537	0.8511069	0.9305881	0.84982693	0.9263365	0.9275634	0.88175917	0.901142	0.8694422	0.9254738	0.848252	0.90229785	0.92367697	0.9243789	0.8968495	0.90262264	0.9280691	0.89558864	0.87864196	0.9098053	0.883511	0.8584501	0.9338734	0.93729925	0.889623	0.9296166	0.92708987	0.91202277	0.91892785	0.92713225
MS.1.6.lemma20.059	0.9411904	0.83187085	0.78917456	0.9517734	0.9545622	0.94830465	0.8433115	0.8417284	0.83616143	0.92938906	0.82878387	0.9485494	0.9401726	0.88998926	0.928169	0.88792276	0.9428303	0.8693384	0.9320017	0.95840484	0.9521866	0.9377814	0.92885673	0.95758057	0.931414	0.8988418	0.9215628	0.9126264	0.8757434	0.9460056	0.95195687	0.912601	0.94394803	0.9341529	0.9108137	0.9404167	0.91450536
MS.1.6.lemma20.060	0.91371584	0.9020988	0.8304604	0.89332545	0.8823117	0.9145897	0.87231946	0.86303985	0.881228	0.8975116	0.88795763	0.91135705	0.9197548	0.88275003	0.88815165	0.90147054	0.8964248	0.8640771	0.8970279	0.88419765	0.89514935	0.89626527	0.8965893	0.89974946	0.89361167	0.9130647	0.9012822	0.88785756	0.8970909	0.92424905	0.91006434	0.88670874	0.90463734	0.90792567	0.84584767	0.913235	0.92682195
MS.1.6.lemma20.061	0.92020524	0.85228175	0.77765906	0.9142927	0.91542256	0.918734	0.81199306	0.81197196	0.83654904	0.90680516	0.8671479	0.9225009	0.93051815	0.8734422	0.8946988	0.88462955	0.92242676	0.82806426	0.89416033	0.9014063	0.9139711	0.8865994	0.89459074	0.9182556	0.8812955	0.8726506	0.898536	0.8844476	0.85013795	0.9276168	0.9236871	0.8773385	0.91348565	0.9246987	0.90794384	0.9114336	0.9343039
MS.1.6.lemma20.062	0.93361455	0.87974596	0.8393346	0.9238758	0.91599095	0.94711435	0.90401757	0.9115622	0.8993539	0.9158909	0.87818956	0.9283165	0.90533715	0.8994088	0.92714065	0.90150124	0.91457623	0.8895445	0.9181358	0.9351417	0.9288878	0.9214091	0.9193596	0.91836816	0.9164458	0.9038676	0.91586524	0.8845889	0.90500593	0.9250611	0.9216242	0.9207734	0.93419003	0.9470263	0.8772471	0.9303285	0.9225354
MS.1.6.lemma20.063	0.9471857	0.8615655	0.8122711	0.95266324	0.9382782	0.95658374	0.8844112	0.8843307	0.8654105	0.9346961	0.8629067	0.9591441	0.9419284	0.91735655	0.95310813	0.9260105	0.9555102	0.9039668	0.94368076	0.95734465	0.95643675	0.95145065	0.9312264	0.96148276	0.95476013	0.9283004	0.9442483	0.91672546	0.9347111	0.95334584	0.9524311	0.9342515	0.9567298	0.94159603	0.89753807	0.9532339	0.92161345
MS.1.6.lemma20.064	0.91959465	0.8501459	0.8147597	0.90399265	0.89880097	0.93077385	0.90203905	0.8909615	0.88220704	0.90005124	0.8403792	0.9236414	0.88971335	0.90256584	0.9349375	0.8838737	0.9073256	0.9247217	0.91576636	0.9400499	0.9164	0.9261316	0.90161717	0.91865206	0.92353874	0.8983817	0.91861784	0.88664925	0.91446364	0.9021696	0.908889	0.9209884	0.92881835	0.89492047	0.86994505	0.91760504	0.87967944
MS.1.6.lemma20.065	0.9278955	0.8490925	0.80389583	0.9379683	0.934978	0.91523063	0.8467851	0.8524336	0.84072244	0.9081613	0.8426975	0.9278084	0.93174	0.8901535	0.9094057	0.8853889	0.9169818	0.87589216	0.9179039	0.9275788	0.93142843	0.9241291	0.9042401	0.92749894	0.94127023	0.89721346	0.9109644	0.918569	0.8747217	0.92992353	0.9263365	0.9098114	0.9293879	0.9166013	0.88061154	0.9309336	0.92173594
MS.1.6.lemma20.066	0.94605196	0.8505435	0.822708	0.94061923	0.94197404	0.9444553	0.8922013	0.89582103	0.85259914	0.9299058	0.84873724	0.94587016	0.9390799	0.9005295	0.9343684	0.9147005	0.9326333	0.8848606	0.91494477	0.941941	0.9435089	0.9264426	0.9124644	0.9380001	0.93123907	0.91682845	0.9348769	0.9058852	0.90744734	0.9476882	0.9401723	0.916574	0.9471045	0.93874806	0.8787643	0.924205	0.91995555
MS.1.6.lemma20.067	0.94308543	0.8502573	0.7702497	0.9477782	0.92404723	0.9423502	0.8357757	0.8520377	0.8587942	0.9149102	0.8645141	0.9404537	0.9545012	0.89053655	0.9170476	0.90323323	0.945464	0.8330704	0.91507316	0.93459475	0.96167576	0.9394618	0.9396093	0.937286	0.9228326	0.9086549	0.93631595	0.88390875	0.90883386	0.94311035	0.9571481	0.93123484	0.94067776	0.9575441	0.8869551	0.92457473	0.93843454
MS.1.6.lemma20.068	0.93752486	0.9080487	0.8307897	0.9255943	0.9023826	0.9447953	0.8982996	0.8951867	0.8984107	0.9278462	0.9069273	0.9242256	0.92266536	0.903	0.90853184	0.90307695	0.91264737	0.86375076	0.903538	0.91524076	0.91902566	0.9051482	0.91920197	0.9157002	0.8978755	0.89646494	0.89828646	0.8764046	0.90927637	0.9380544	0.92930233	0.9090221	0.93411887	0.95439416	0.88402	0.93284917	0.9425939
MS.1.6.lemma20.069	0.9629742	0.85982126	0.77813286	0.95824414	0.93942994	0.9569051	0.85754263	0.8706535	0.85443157	0.9337081	0.86526024	0.94802916	0.94846696	0.8965813	0.93295187	0.9121493	0.9565666	0.8624456	0.9340189	0.96215916	0.9705192	0.9599287	0.9496602	0.95526254	0.94871354	0.9227	0.93673384	0.9003982	0.91618854	0.95698106	0.96542346	0.945518	0.9605974	0.9596644	0.90191215	0.9459679	0.9423121
MS.1.6.lemma20.070	0.9605331	0.8736131	0.80033994	0.9572378	0.939831	0.95542455	0.86347115	0.8808312	0.8628487	0.9382221	0.8732396	0.9467255	0.9526999	0.90428066	0.92928326	0.9097322	0.9557927	0.86272717	0.9347524	0.95208853	0.9661747	0.9496714	0.9487573	0.95575976	0.94022495	0.92307246	0.93620557	0.9018065	0.9098525	0.964028	0.9702983	0.9369359	0.95408773	0.9616175	0.9065962	0.95545715	0.9466336
MS.1.6.lemma20.071	0.9356994	0.8379056	0.79894006	0.9380018	0.9360198	0.94295603	0.86116797	0.8617618	0.86621773	0.93622535	0.83595717	0.9455567	0.9453434	0.9035489	0.9277066	0.89693296	0.9471548	0.8671721	0.9227365	0.95618576	0.9502622	0.9325119	0.9270945	0.9595823	0.9178861	0.90230066	0.9274622	0.9030862	0.8878845	0.94338983	0.94771963	0.9166206	0.9424577	0.9429315	0.9007567	0.931275	0.9170872
MS.1.6.lemma20.072	0.95659375	0.8729147	0.78615427	0.93920374	0.92937624	0.9542231	0.86739933	0.8484303	0.8851613	0.93725574	0.89794105	0.94815004	0.9502078	0.90914404	0.91976666	0.8888571	0.9407693	0.86755824	0.9251975	0.93942	0.94552153	0.93752486	0.92777854	0.9433435	0.92082626	0.9067256	0.9298997	0.9036261	0.8909583	0.95213014	0.95136344	0.9256576	0.9527241	0.9461573	0.9194816	0.9528445	0.9472578
MS.1.6.lemma20.073	0.9461652	0.89230794	0.8181243	0.9278004	0.9299916	0.9412618	0.87046397	0.8850869	0.8793862	0.92005897	0.8956735	0.9429033	0.9314475	0.8935227	0.92248106	0.92872757	0.9277518	0.8695036	0.91106105	0.9205872	0.92960936	0.91096604	0.91869456	0.92539173	0.9127827	0.92353	0.9286483	0.9060303	0.90565383	0.9541094	0.93668115	0.9163369	0.93507093	0.94449556	0.8846155	0.93599445	0.9403496
MS.1.6.lemma20.074	0.95660126	0.88643825	0.8200541	0.95087147	0.9411927	0.948266	0.87823254	0.8856432	0.88609576	0.9303536	0.885326	0.9547453	0.953803	0.92603767	0.94661725	0.91157347	0.95296633	0.9003506	0.945642	0.9449002	0.9554389	0.9541147	0.9447817	0.9406098	0.94537115	0.9384161	0.95207906	0.9236496	0.9171182	0.9524025	0.95296323	0.9416686	0.95216435	0.949142	0.8978217	0.94816935	0.9406529
MS.1.6.lemma20.075	0.94633925	0.88939947	0.8261507	0.9437208	0.91294736	0.94749117	0.9084029	0.92355824	0.8973339	0.9323422	0.9051924	0.9429013	0.9405227	0.9282399	0.94363195	0.930151	0.9366158	0.8937502	0.92585284	0.9207889	0.94230694	0.93068546	0.92661864	0.9241898	0.9238045	0.93085474	0.93782675	0.8894097	0.94717586	0.95028	0.9437105	0.9345053	0.9417257	0.9590275	0.86610377	0.9391819	0.9408751
MS.1.6.lemma20.076	0.89141834	0.89293975	0.8335141	0.84309804	0.8455196	0.88249296	0.89129525	0.88098705	0.91630185	0.8545907	0.9040228	0.8767049	0.8661853	0.8828343	0.887469	0.8775209	0.86617684	0.8796744	0.87586606	0.8509549	0.8628279	0.874774	0.8689651	0.8684677	0.87147474	0.8961756	0.8908483	0.8578419	0.8957951	0.8791344	0.86919934	0.89662635	0.8796246	0.8819253	0.8161504	0.8730025	0.89000297
MS.1.6.lemma20.077	0.95371336	0.8680582	0.77504975	0.9531288	0.9441409	0.9549319	0.8464453	0.8588232	0.8696343	0.9286048	0.8649613	0.94533837	0.95451283	0.90686846	0.93405414	0.90837175	0.9544835	0.8770027	0.92524785	0.9542189	0.9531426	0.9440568	0.9480032	0.95226896	0.9295262	0.91459036	0.93314296	0.9125418	0.9117669	0.95017785	0.96337736	0.94212615	0.96061987	0.95448565	0.9121879	0.94505924	0.94718254
MS.1.6.lemma20.078	0.95213467	0.8457414	0.78025556	0.9612172	0.93726444	0.95091844	0.85386217	0.86790764	0.8493611	0.9293314	0.8702432	0.95265335	0.95304215	0.90203273	0.93906933	0.921302	0.95379716	0.8675644	0.9406556	0.9441803	0.9638884	0.95825154	0.9444876	0.9512557	0.95351064	0.9318317	0.9440967	0.9007684	0.93023586	0.95585716	0.9628487	0.94503134	0.95307255	0.9536566	0.8804853	0.9390506	0.9358408
MS.1.6.lemma20.079	0.92070013	0.8720839	0.8176833	0.89688325	0.87799644	0.9125742	0.90901303	0.9259661	0.8665842	0.8995373	0.8898175	0.8975512	0.87553334	0.86798286	0.9062276	0.90358865	0.8943386	0.8648157	0.8887692	0.88089967	0.9131853	0.9086253	0.8916135	0.88203895	0.89905167	0.9115349	0.8985427	0.85223126	0.9303034	0.91394037	0.90853095	0.91977936	0.90683156	0.9249693	0.81644845	0.8985281	0.8958574
MS.1.6.lemma20.080	0.87139505	0.85633683	0.8362081	0.8655908	0.85573095	0.86660504	0.86326015	0.8597529	0.8305052	0.85881567	0.8346074	0.8731662	0.85687304	0.86462814	0.8777847	0.848998	0.850898	0.8809215	0.8810155	0.86119735	0.8630552	0.881886	0.848192	0.8568816	0.9021316	0.87261134	0.8635706	0.86485773	0.86826605	0.8597634	0.85827017	0.85390747	0.87521577	0.8581522	0.8137491	0.862759	0.8633777
MS.1.6.lemma20.081	0.93082047	0.86201364	0.8311355	0.9276423	0.92686105	0.93609536	0.89378834	0.8895603	0.88973945	0.91878355	0.8733029	0.9339618	0.9203297	0.91614866	0.94000757	0.89544433	0.90911806	0.89114213	0.91419613	0.93162286	0.9182973	0.91363996	0.91223633	0.91579854	0.92744625	0.90163356	0.9164016	0.899756	0.9041	0.9139241	0.91503495	0.9149458	0.93846667	0.9234719	0.87744045	0.9258455	0.91326416
MS.1.6.lemma20.082	0.9384214	0.8445995	0.83192086	0.9337009	0.94176924	0.941695	0.88791406	0.8748064	0.8689811	0.93347514	0.85773253	0.9464588	0.9282485	0.9146447	0.9426159	0.8934343	0.93063045	0.9050298	0.922994	0.9441846	0.93907833	0.9222243	0.9198616	0.932763	0.9269826	0.90571207	0.9394853	0.8907964	0.91121686	0.936698	0.93369037	0.9228791	0.94256794	0.93102825	0.87641525	0.9275392	0.91424555
MS.1.6.lemma20.083	0.92970926	0.8229157	0.80785143	0.9337179	0.9372485	0.9415307	0.85622483	0.8515918	0.8525033	0.92919904	0.8399643	0.93870664	0.93487287	0.90394986	0.92607987	0.8952497	0.9367825	0.8684471	0.92725015	0.93174505	0.9320215	0.9202292	0.92600083	0.9448913	0.9204274	0.89566004	0.92707944	0.88210905	0.89350265	0.9401384	0.938617	0.90971786	0.92918885	0.9351449	0.8862654	0.9261197	0.9110694
MS.1.6.lemma20.084	0.9352594	0.83564293	0.7950155	0.93007064	0.9201934	0.94137275	0.8699517	0.8655046	0.86826825	0.9388758	0.8666924	0.92745435	0.92363894	0.9040068	0.92150605	0.9019505	0.9343122	0.8678341	0.9294918	0.9218188	0.934383	0.92218935	0.9262407	0.93206704	0.9164535	0.89342463	0.9230423	0.8650367	0.9093267	0.93929434	0.9361061	0.9237833	0.9266491	0.92894375	0.8828136	0.92073596	0.9199151
MS.1.6.lemma20.085	0.94330674	0.8135525	0.786005	0.9376496	0.9341854	0.95219326	0.86326015	0.8449394	0.8702355	0.9370458	0.8479655	0.94048506	0.93095404	0.90206516	0.9332474	0.8985619	0.9501466	0.87526315	0.9260699	0.948168	0.9519206	0.9335197	0.92111284	0.94795305	0.92600405	0.8950297	0.931916	0.88589394	0.9014182	0.9367148	0.9469892	0.92362523	0.94677854	0.92989486	0.8987619	0.92518115	0.913271
MS.1.6.lemma20.086	0.95417875	0.8819116	0.81369865	0.9256066	0.9220739	0.93813264	0.8754662	0.87016535	0.89549357	0.92431176	0.9060651	0.9503023	0.9348887	0.9178168	0.9570471	0.90546364	0.9483712	0.9058661	0.9436303	0.9355996	0.9442097	0.94999903	0.9407827	0.9335546	0.92618287	0.9458598	0.9560461	0.9081247	0.928283	0.9417563	0.947454	0.953091	0.9481205	0.9335698	0.8881097	0.9288783	0.9357264
MS.1.6.lemma20.087	0.9067435	0.8717887	0.81819385	0.9045965	0.8944224	0.91400987	0.87809765	0.8862661	0.85956234	0.8879223	0.8583971	0.91699815	0.9027672	0.8921701	0.9245643	0.9172652	0.9020633	0.8956076	0.9120341	0.90496135	0.9023275	0.9165752	0.89125615	0.91335547	0.92632294	0.91780794	0.91284657	0.8979019	0.9205601	0.9150487	0.902952	0.89870685	0.91203785	0.8920015	0.84126997	0.91345483	0.88284594
MS.1.6.lemma20.088	0.80968386	0.8098598	0.8146067	0.7975709	0.79755706	0.8095773	0.86478865	0.8733375	0.8302636	0.7967188	0.80554986	0.8277639	0.79376596	0.8245577	0.86791986	0.8523937	0.8050693	0.866863	0.8147904	0.8082373	0.80818915	0.8073725	0.77894336	0.8024594	0.8338231	0.85342693	0.84488976	0.8244681	0.8666041	0.80789876	0.7957829	0.8208885	0.8097025	0.7925445	0.7248135	0.78889763	0.7712816
MS.1.6.lemma20.089	0.91962254	0.8608012	0.83233845	0.92162573	0.9372674	0.9211778	0.85111487	0.8529434	0.83205605	0.9026515	0.8602601	0.9252411	0.9027326	0.8670714	0.91654515	0.8895518	0.9054661	0.8573477	0.90146196	0.90371096	0.9186444	0.90702254	0.8963079	0.91193604	0.90505993	0.8966526	0.9064165	0.9066478	0.86534005	0.9258646	0.90952235	0.8850454	0.9317364	0.9320929	0.8480499	0.90653896	0.910827
MS.1.6.lemma20.090	0.9322356	0.84661835	0.78854436	0.9388467	0.9260061	0.92427486	0.84465456	0.85509884	0.86118126	0.91435075	0.85234284	0.94258094	0.9411193	0.8940386	0.9265522	0.89772075	0.94930166	0.8632655	0.9219224	0.9380866	0.9423985	0.9284973	0.91967666	0.9500432	0.92443186	0.9145356	0.93645823	0.9139795	0.89280474	0.94000787	0.9434054	0.9169811	0.9369544	0.9345114	0.87778986	0.9216664	0.90848523
MS.1.6.lemma20.091	0.96108544	0.86050606	0.78354585	0.9447724	0.9309791	0.9534974	0.8766044	0.8831218	0.8938588	0.93250173	0.8928908	0.9399015	0.93835175	0.8993375	0.940766	0.91837	0.94715595	0.8940886	0.9321462	0.9431589	0.95555145	0.94852054	0.9377197	0.9321331	0.92714864	0.92326623	0.9435559	0.89506173	0.9261899	0.9520458	0.9463182	0.950009	0.9508039	0.94566023	0.87975794	0.9305492	0.935537
MS.1.6.lemma20.092	0.94805366	0.8390639	0.81581914	0.9499444	0.952143	0.93765277	0.8660859	0.86618006	0.8513628	0.9247488	0.8479551	0.94358826	0.92807037	0.8957792	0.9418431	0.90019304	0.9284163	0.879944	0.93305755	0.945846	0.9480972	0.9390557	0.91864777	0.9476675	0.9354391	0.9111122	0.92593396	0.90884626	0.8956313	0.9420044	0.93881404	0.9196398	0.9417196	0.9239943	0.8955023	0.9318451	0.91009676
MS.1.6.lemma20.093	0.93308705	0.8518918	0.778782	0.9360824	0.9093698	0.9350499	0.8310396	0.827234	0.8562586	0.925786	0.86524	0.9352188	0.9497498	0.89306504	0.90307105	0.88248146	0.94416416	0.8308245	0.9113187	0.92984927	0.9389509	0.924464	0.92090636	0.9392749	0.91534644	0.89383626	0.921741	0.8906321	0.88071334	0.93974674	0.95459783	0.9032811	0.93926275	0.95329887	0.8967318	0.9297112	0.9445882
MS.1.6.lemma20.094	0.8533766	0.82005894	0.7701746	0.85659564	0.8570135	0.8524854	0.8134944	0.81245565	0.8250278	0.8573723	0.8267993	0.871081	0.8752215	0.8680303	0.8663223	0.83148354	0.8788063	0.83922356	0.86759806	0.8454499	0.85411507	0.8516812	0.8505511	0.8684134	0.8369804	0.84768474	0.8847538	0.86445624	0.83852226	0.8597775	0.8563608	0.8380798	0.8542178	0.8729404	0.80899924	0.8562684	0.85856265
MS.1.6.lemma20.095	0.88102067	0.8878975	0.80482996	0.8524325	0.8461982	0.85740346	0.84854597	0.83695006	0.880472	0.84312344	0.86358297	0.87087584	0.8688785	0.86030835	0.8701477	0.8528198	0.8616074	0.8687148	0.86562407	0.86643636	0.84840524	0.8579151	0.8566297	0.8719121	0.84669054	0.87793225	0.86738324	0.8728763	0.8485261	0.86932516	0.8673202	0.8623053	0.8715853	0.8579919	0.84053564	0.8766406	0.8642115
MS.1.6.lemma20.096	0.9400428	0.857273	0.80446	0.926772	0.9385419	0.92224574	0.848932	0.84770095	0.8536843	0.9151621	0.8553829	0.9359326	0.93112075	0.87496185	0.928448	0.8883786	0.9401325	0.8711	0.91183686	0.9521489	0.9425937	0.9243445	0.9131506	0.93995816	0.91916907	0.911417	0.92610896	0.89734477	0.87721634	0.9375724	0.9389761	0.9144441	0.9455639	0.927384	0.8916992	0.9291205	0.9167995
MS.1.6.lemma20.097	0.90316796	0.8680091	0.83245254	0.8929459	0.89019704	0.88533175	0.87919265	0.8787713	0.87117994	0.8745661	0.8640171	0.90141606	0.9039782	0.8927619	0.91154057	0.8790403	0.88406366	0.8802682	0.88270915	0.88119066	0.883291	0.8768351	0.87776804	0.8758375	0.87455106	0.8818426	0.8877994	0.85905635	0.89978486	0.9033381	0.89616185	0.8960824	0.8975831	0.8956555	0.84639883	0.89577526	0.8890629
MS.1.6.lemma20.098	0.9618318	0.87027824	0.78439915	0.94256353	0.9247581	0.95942545	0.86594206	0.86603993	0.8948667	0.9433666	0.90427685	0.9434345	0.9474027	0.90177566	0.933994	0.9119764	0.9622007	0.86759704	0.9233201	0.9436103	0.9657786	0.9441465	0.94279134	0.9342102	0.9207324	0.9195806	0.95051664	0.87988675	0.92331374	0.9583806	0.9616032	0.94804275	0.9609375	0.9656228	0.8942102	0.94144505	0.958224
MS.1.6.lemma20.099	0.95245785	0.891609	0.8104259	0.93671703	0.9128479	0.93844056	0.8762419	0.866812	0.89550185	0.9275073	0.9182412	0.949723	0.9480549	0.92567337	0.9380225	0.901191	0.94191706	0.883785	0.9377789	0.9279655	0.93630755	0.93862474	0.9413012	0.931618	0.92279077	0.9275619	0.9405213	0.8967687	0.9222933	0.94768226	0.94811106	0.9441278	0.94709206	0.9391002	0.8980977	0.94654405	0.9486107
MS.1.6.lemma20.100	0.9255926	0.8861634	0.8077697	0.902815	0.88926363	0.93019867	0.8936355	0.8871907	0.92619264	0.8994382	0.9092188	0.9275631	0.90567666	0.90601456	0.9325733	0.8971971	0.92767084	0.91207224	0.91111696	0.91591704	0.9166273	0.91783017	0.9115658	0.9014855	0.8977895	0.9139149	0.93445075	0.89081264	0.9211221	0.90911126	0.91414034	0.9346628	0.92705333	0.91954666	0.86256087	0.9182369	0.91522133
MS.1.6.lemma20.101	0.955775	0.89313495	0.80167294	0.9286181	0.91774166	0.9465716	0.8818855	0.87470996	0.91755515	0.917272	0.91214967	0.94616926	0.9442023	0.92201406	0.9480418	0.90187436	0.94493055	0.89948934	0.9349787	0.9394239	0.94059	0.9506148	0.9455036	0.93340886	0.9264107	0.9352309	0.95398104	0.90634286	0.92817134	0.9348424	0.94651574	0.9563175	0.95646894	0.9411129	0.88970524	0.93527496	0.9404644
MS.1.6.lemma20.102	0.95845985	0.85735285	0.79015374	0.94827986	0.9311112	0.96002686	0.8769407	0.8749519	0.8956342	0.9387549	0.8844318	0.9427296	0.9474994	0.9003945	0.93050617	0.9031488	0.9465618	0.8718015	0.9216835	0.95026904	0.95596707	0.941024	0.93618566	0.94605297	0.92114913	0.913419	0.9332714	0.88954127	0.91285497	0.9543564	0.95336425	0.9418299	0.95700765	0.95782316	0.90545785	0.94075036	0.9454079
MS.1.6.lemma20.103	0.694421	0.81071997	0.72816765	0.6536046	0.65406835	0.6800894	0.7498624	0.73454416	0.76799285	0.66705763	0.7405575	0.6658105	0.6685852	0.70234156	0.66451395	0.6936425	0.6355808	0.71734	0.6603992	0.64256036	0.629058	0.63872653	0.653893	0.65883523	0.6441721	0.6970162	0.65441275	0.68479854	0.6801028	0.68479395	0.64814883	0.6645545	0.6741115	0.6735696	0.65825087	0.70070755	0.7112108
MS.1.6.lemma20.104	0.9611865	0.8447751	0.79450905	0.94233346	0.9402879	0.9612315	0.86573124	0.84367657	0.88570416	0.94610685	0.86419606	0.95154446	0.95657766	0.9162771	0.93434834	0.88806844	0.954932	0.8828097	0.9328999	0.9515183	0.9578085	0.9456284	0.9399141	0.94654995	0.9183861	0.90905046	0.953255	0.89047813	0.9036096	0.95361114	0.96175534	0.93139946	0.9524516	0.9407652	0.91696465	0.94445443	0.93427444
MS.1.6.lemma20.105	0.9600528	0.8647456	0.79474795	0.93260616	0.9205607	0.9532673	0.89115316	0.8787919	0.88971883	0.94484496	0.89016	0.9448497	0.93739325	0.9115954	0.93758345	0.9056995	0.95221394	0.8871156	0.9359665	0.9482136	0.95557183	0.9517567	0.93482316	0.94582564	0.9340465	0.9269573	0.94800085	0.89361024	0.9247797	0.94998026	0.9649523	0.9400289	0.94890165	0.9461439	0.8957387	0.943173	0.9345239
MS.1.6.lemma20.106	0.9585966	0.8510325	0.7943255	0.94898695	0.94005346	0.9500102	0.869671	0.8806958	0.8753888	0.93597096	0.8623577	0.95389676	0.9454788	0.91550994	0.94368434	0.90676755	0.9523394	0.8844839	0.9311502	0.959912	0.95933044	0.9439984	0.93835634	0.9479295	0.93586004	0.92298114	0.9536239	0.8997197	0.9187719	0.9490847	0.9636891	0.9502207	0.95136756	0.95303774	0.8870004	0.93519056	0.92609656
MS.1.6.lemma20.107	0.96427405	0.86933047	0.7801703	0.9359142	0.9281633	0.9499128	0.86349505	0.85562706	0.8664505	0.94291246	0.8911681	0.93797255	0.9547126	0.898609	0.9171408	0.90052426	0.9526335	0.8532473	0.9315637	0.9372166	0.95560324	0.9481914	0.94458497	0.9480078	0.93551743	0.91754234	0.9403658	0.89663976	0.90473044	0.95602536	0.9609648	0.9305677	0.9455486	0.94935447	0.9162382	0.94755614	0.95052737
MS.1.6.lemma20.108	0.953721	0.85094005	0.807071	0.9350799	0.93743205	0.95075595	0.8643008	0.8409411	0.87750566	0.9344242	0.86867774	0.9454819	0.9434581	0.90009224	0.9212844	0.89366543	0.94502616	0.88016284	0.93217367	0.9449564	0.94921273	0.9426581	0.92186534	0.95369154	0.93317753	0.9022249	0.9308275	0.9026146	0.8897694	0.9458531	0.9452389	0.92141604	0.9482763	0.927845	0.9225248	0.9396998	0.93667024
MS.1.6.lemma20.109	0.9460206	0.8627915	0.7980074	0.938923	0.92878556	0.9447224	0.8559574	0.85749936	0.8617016	0.92988336	0.86331546	0.93318397	0.94391966	0.88365984	0.9056045	0.8948164	0.93516254	0.8581767	0.9210047	0.9342859	0.9431033	0.9324248	0.92452645	0.93707955	0.92257273	0.8994914	0.9107258	0.8950206	0.88874215	0.95334107	0.94552284	0.9163462	0.9428253	0.9339429	0.90116364	0.9437369	0.9460527
MS.1.6.lemma20.110	0.92263657	0.8921479	0.7982304	0.91245395	0.88627315	0.9128621	0.87249565	0.89230746	0.89208066	0.8963789	0.89786345	0.9046489	0.91293657	0.90367734	0.91407824	0.9039129	0.917091	0.8918909	0.92101294	0.9040257	0.9133977	0.91717124	0.924007	0.91043806	0.9150337	0.91785395	0.91252977	0.888786	0.92259395	0.9228445	0.92355514	0.93324256	0.91929454	0.91949695	0.86392814	0.9198095	0.92454636
MS.1.6.lemma20.111	0.93577	0.8948431	0.8147536	0.9169661	0.8946928	0.93010855	0.8887942	0.9001962	0.8930454	0.90891236	0.9005942	0.9185848	0.91854936	0.9087202	0.9268152	0.91782546	0.92707914	0.8936695	0.93117034	0.9147776	0.9268539	0.9349285	0.92895824	0.92075706	0.9240686	0.9307993	0.9276836	0.88971955	0.9371741	0.9360862	0.9345483	0.941466	0.9299035	0.9303311	0.8656282	0.92543197	0.92620766
MS.1.6.lemma20.112	0.93807614	0.89224386	0.79568	0.9209646	0.8961898	0.9424281	0.8912942	0.8747139	0.9136821	0.911677	0.9051917	0.92311996	0.9170232	0.91062975	0.91410196	0.8924109	0.9165882	0.87909085	0.9042969	0.9150095	0.91447544	0.91143817	0.9199219	0.9036793	0.8924137	0.897825	0.910186	0.86924255	0.91230416	0.93053997	0.9234592	0.9195154	0.93184185	0.93317497	0.8891294	0.94269973	0.9302256
MS.1.6.lemma20.113	0.91777325	0.89818966	0.8009788	0.87343717	0.86255056	0.89571464	0.8723006	0.8564441	0.9049543	0.8835491	0.9230504	0.91273624	0.8884619	0.90320635	0.91994977	0.873945	0.8877486	0.87914467	0.88205266	0.87425816	0.87428725	0.8849906	0.8801377	0.8722005	0.86793035	0.9071605	0.9024499	0.8771838	0.9009934	0.893227	0.8885412	0.9074627	0.90775734	0.8920393	0.8430671	0.89553535	0.90019464
MS.1.6.lemma20.114	0.9315526	0.8815122	0.8357779	0.92678	0.92168283	0.92749375	0.8759166	0.88584554	0.87686026	0.9289936	0.8912679	0.92009395	0.92393637	0.89647126	0.9101012	0.90456915	0.9171766	0.86695755	0.9126089	0.9044415	0.91751915	0.90435445	0.90773135	0.9127701	0.9049266	0.9013073	0.9126046	0.8706305	0.8937078	0.93575394	0.92396617	0.90175223	0.9275879	0.9374815	0.8745171	0.9223437	0.9374781
MS.1.6.lemma20.115	0.96485865	0.85093665	0.7920963	0.958002	0.9545957	0.9559824	0.8642792	0.8647788	0.8651533	0.9422077	0.86420834	0.9517493	0.9551577	0.90471506	0.93774784	0.8948538	0.9529535	0.87590843	0.9350049	0.96139383	0.96528876	0.9528235	0.938337	0.953516	0.9432087	0.90983415	0.93967235	0.90869015	0.8958269	0.9574307	0.96012187	0.9353717	0.9639768	0.95442706	0.9242296	0.9542981	0.9393012
MS.1.6.lemma20.116	0.9441666	0.87104857	0.825716	0.93898016	0.94320863	0.94117725	0.8532635	0.8519856	0.8604657	0.92996955	0.86579955	0.9508198	0.9558547	0.9037275	0.9301282	0.91136664	0.95556813	0.8835346	0.943825	0.94294083	0.9487333	0.9418529	0.9494192	0.9559211	0.92969215	0.9319283	0.94025683	0.9179933	0.8927428	0.9539309	0.95758307	0.91806567	0.95000935	0.94805396	0.8995367	0.9341547	0.943263
MS.1.6.lemma20.117	0.937296	0.8604739	0.78314644	0.93716145	0.9411182	0.9400426	0.8333951	0.85280323	0.8441242	0.92386395	0.85626376	0.93088657	0.9415301	0.877651	0.9165009	0.92117804	0.9557133	0.86251277	0.92845356	0.94179827	0.9478075	0.93399405	0.9397206	0.9547655	0.9340828	0.91898656	0.9243882	0.9232663	0.88840246	0.9478308	0.95257145	0.9202672	0.93939406	0.9381772	0.885165	0.92548215	0.9306146
MS.1.6.lemma20.118	0.9230579	0.7851025	0.754174	0.90717244	0.9226511	0.92919016	0.8358327	0.7988323	0.8556721	0.91179645	0.81182474	0.9206368	0.90683234	0.8830176	0.9049474	0.8361995	0.910795	0.87085646	0.90688753	0.93974817	0.9147394	0.92011833	0.89710796	0.9275696	0.89884365	0.865651	0.91030014	0.8813062	0.84085107	0.9039354	0.91408026	0.9054833	0.92833805	0.8937285	0.9167903	0.91768634	0.884531
MS.1.6.lemma20.119	0.9633478	0.84517956	0.7771529	0.9410405	0.9379191	0.9682306	0.8693826	0.8523112	0.86137474	0.9431957	0.8596207	0.9464001	0.94137436	0.9005121	0.9265085	0.8915454	0.9431225	0.8652085	0.92750263	0.9544717	0.95261705	0.9439293	0.9390722	0.949254	0.92484283	0.9045032	0.93172014	0.89574295	0.8941827	0.9510644	0.9511248	0.924055	0.957273	0.9409814	0.92189765	0.9518812	0.93276525
MS.1.6.lemma20.120	0.9139612	0.8688548	0.83597136	0.898174	0.9010565	0.9285476	0.88247144	0.8618459	0.8570701	0.91856575	0.8586963	0.9116844	0.9122454	0.8863224	0.8840315	0.899009	0.91047704	0.8826785	0.90042895	0.89973086	0.90893316	0.8915733	0.8939758	0.92108154	0.9017521	0.88646364	0.8953073	0.87427044	0.8872212	0.9323826	0.91485494	0.8710867	0.9038092	0.9103427	0.8810477	0.9215742	0.9216366
MS.1.6.lemma20.121	0.95396703	0.83360887	0.77912116	0.9508517	0.940944	0.9533862	0.8551955	0.8491267	0.8419106	0.93971413	0.85298705	0.94422734	0.9458485	0.8869938	0.9216969	0.9156595	0.9530033	0.87328196	0.94049305	0.95238256	0.9587519	0.9538921	0.9358401	0.9579733	0.95480186	0.9225302	0.9364431	0.90179086	0.90687996	0.95855534	0.9572106	0.92859536	0.9481042	0.93608034	0.89638424	0.9434867	0.9361578
MS.1.6.lemma20.122	0.8865893	0.8546785	0.78845906	0.88191456	0.88968	0.8918563	0.8535578	0.82428724	0.8573904	0.8753312	0.83459663	0.8932397	0.88657606	0.8679281	0.8770369	0.84420955	0.8738259	0.86521053	0.87577534	0.8979205	0.87275094	0.8744713	0.87676585	0.8964696	0.88918054	0.8486735	0.8693915	0.90100574	0.84373677	0.8803748	0.8749597	0.8641446	0.90624934	0.8809681	0.8698504	0.90510684	0.89087814
MS.1.6.lemma20.123	0.94649374	0.8632487	0.7794075	0.94720066	0.9299791	0.9470938	0.850577	0.86968267	0.87366724	0.9244411	0.87456083	0.93787533	0.9540459	0.8968938	0.9302291	0.9211396	0.96037227	0.8707216	0.9359032	0.9461498	0.9557154	0.94318795	0.9544413	0.95361876	0.9255584	0.92408115	0.9370085	0.90430534	0.91633666	0.9559598	0.96074575	0.943433	0.948037	0.95263135	0.883191	0.9335843	0.94315374
MS.1.6.lemma20.124	0.9503408	0.8862932	0.8350794	0.937511	0.91942716	0.94698024	0.89491534	0.8941141	0.8908765	0.9199123	0.9015516	0.9461868	0.9400406	0.8965904	0.9354039	0.9366117	0.94031703	0.88311464	0.93377364	0.9311838	0.9532957	0.94582635	0.9271581	0.93339103	0.93590987	0.9395319	0.9428923	0.899309	0.9321294	0.9556343	0.93777287	0.9310783	0.94169104	0.94594544	0.86574495	0.933391	0.9412266
MS.1.6.lemma20.125	0.96070266	0.8759246	0.8012797	0.94073963	0.9253479	0.9427562	0.8456061	0.847558	0.8718103	0.92140126	0.90087557	0.9513374	0.95903987	0.8985822	0.93831	0.92730623	0.9588133	0.86081254	0.94086653	0.9300499	0.9537468	0.9522845	0.940912	0.9423591	0.92948675	0.94156086	0.9432549	0.9024533	0.9128386	0.95593536	0.961197	0.93562084	0.9482211	0.9508427	0.88243735	0.9318762	0.95126665
MS.1.6.lemma20.126	0.9399571	0.84305745	0.78722674	0.948832	0.9431274	0.9425109	0.84531426	0.84962296	0.8488357	0.9397433	0.8403999	0.9376424	0.95720255	0.89706576	0.914904	0.8896606	0.94775414	0.85037374	0.9195737	0.94832665	0.95897025	0.93305576	0.9328864	0.9530506	0.92105734	0.89626515	0.9305274	0.89286625	0.88491964	0.9505909	0.96302783	0.9130025	0.9429962	0.95264155	0.9132247	0.94181406	0.9404472
MS.1.6.lemma20.127	0.9469079	0.8429923	0.74628025	0.95521265	0.92456937	0.9537234	0.8298248	0.8560052	0.84070075	0.9254346	0.8644434	0.93387467	0.9522169	0.8840664	0.9173343	0.915921	0.95449793	0.82911175	0.9257419	0.9392274	0.96014315	0.9414135	0.95098865	0.94932747	0.9329442	0.9090132	0.9229548	0.88005495	0.9098853	0.95731044	0.96109116	0.9285671	0.93891394	0.96107805	0.89265203	0.9389361	0.94352674
MS.1.6.lemma20.128	0.9608369	0.8548612	0.7795476	0.95491093	0.92881393	0.9498664	0.8641199	0.8628366	0.8709361	0.94015926	0.8819757	0.9511589	0.96088636	0.90750784	0.93722385	0.9150506	0.9654029	0.8765936	0.93900514	0.9515316	0.9696014	0.9548299	0.9451088	0.95331734	0.94347596	0.9305192	0.95160574	0.89625	0.9294565	0.9632378	0.96766007	0.9426574	0.95731246	0.9547492	0.9009706	0.949602	0.9440278
MS.1.6.lemma20.129	0.9359064	0.8472549	0.76605844	0.91421854	0.9167889	0.9307795	0.8310015	0.8133748	0.858063	0.9280484	0.8564987	0.9260234	0.94675684	0.8946537	0.89823234	0.8632521	0.93540627	0.85221523	0.9218205	0.9265364	0.9371056	0.93229717	0.9324626	0.9305335	0.9033273	0.89358854	0.92042303	0.89193976	0.86108613	0.9361396	0.95072985	0.9031611	0.93397045	0.92607176	0.9109461	0.9327303	0.9407517
MS.1.6.lemma20.130	0.94596136	0.8340976	0.7747907	0.9543073	0.93640727	0.95503074	0.8434431	0.841586	0.8545798	0.9434929	0.85276675	0.95330095	0.9509486	0.909395	0.9338821	0.8882928	0.953066	0.85190916	0.93222487	0.9549371	0.9537341	0.93787426	0.93832976	0.9553452	0.9219125	0.89425313	0.9254919	0.887955	0.8931322	0.9487635	0.9582093	0.9202125	0.95516694	0.9541051	0.9104978	0.94591194	0.9326192
MS.1.6.lemma20.131	0.9495981	0.84670776	0.77928114	0.9485352	0.9390737	0.9443115	0.86849666	0.86024415	0.8452724	0.9338514	0.8557861	0.9429298	0.9419447	0.89797676	0.92525494	0.8763988	0.94250214	0.87666506	0.9399212	0.9489226	0.9520885	0.9560714	0.9381395	0.9439248	0.93579644	0.90780336	0.925486	0.90229994	0.896227	0.94712824	0.95432794	0.93853354	0.9547418	0.94323695	0.9074219	0.9492722	0.9285808
MS.1.6.lemma20.132	0.84219193	0.8958715	0.8243134	0.8440927	0.8282682	0.85336554	0.8551998	0.86469567	0.8366406	0.81141925	0.84939635	0.8546039	0.8401011	0.8439865	0.8729881	0.8626095	0.83947664	0.8631355	0.84777224	0.8298429	0.8302821	0.84096754	0.8389841	0.8281163	0.8483355	0.8689239	0.83984613	0.85079163	0.88860166	0.8523072	0.8386431	0.85704947	0.8656013	0.8578427	0.77073926	0.8592166	0.8479773
MS.1.6.lemma20.133	0.947908	0.85417545	0.7492658	0.94242287	0.9307718	0.9303075	0.8320261	0.8399346	0.84717363	0.92281693	0.8703777	0.93030834	0.9447764	0.8865441	0.9130168	0.88475776	0.94299257	0.84843606	0.92794204	0.9452163	0.95051384	0.94166064	0.94634414	0.9442609	0.928568	0.9095108	0.91828334	0.91064674	0.88489395	0.94646275	0.9587263	0.9425501	0.9511759	0.94041145	0.9010711	0.93730456	0.9435955
MS.1.6.lemma20.134	0.91793066	0.86316884	0.7758892	0.92901087	0.90709066	0.9166142	0.8650284	0.8883553	0.87102485	0.901165	0.8681474	0.9182432	0.93228984	0.90923405	0.9196502	0.8915633	0.9331584	0.89314866	0.9124012	0.9189067	0.93586725	0.9233586	0.9364455	0.9076823	0.91022575	0.90864897	0.9219603	0.8865949	0.93246114	0.92467326	0.9417738	0.9645363	0.9370476	0.9356437	0.8511064	0.9217797	0.9191435
MS.1.6.lemma20.135	0.9390203	0.83106756	0.7906841	0.94547755	0.93887186	0.94687355	0.8424524	0.8269776	0.8476423	0.9400965	0.84455097	0.9388852	0.93915534	0.88548964	0.91093487	0.8777809	0.9284712	0.8362454	0.90910053	0.9333274	0.93548834	0.9142901	0.90935206	0.93650985	0.9027829	0.8764919	0.9126036	0.88102376	0.8666868	0.94836485	0.94062674	0.89210016	0.94276583	0.9402562	0.91280174	0.9397214	0.9300571
MS.1.6.lemma20.136	0.954829	0.8561263	0.76761	0.95839936	0.93020487	0.9420039	0.8384198	0.8514203	0.8534838	0.92982644	0.8694507	0.94705456	0.9595675	0.9036834	0.9302238	0.8994558	0.962471	0.8528184	0.93007183	0.95087737	0.9652862	0.9462353	0.9462616	0.95018095	0.9342641	0.91947675	0.9397888	0.894899	0.90923285	0.94928	0.96822	0.9377832	0.9562557	0.95383275	0.9050415	0.9378224	0.94109505
MS.1.6.lemma20.137	0.90395254	0.78279686	0.77091056	0.8941057	0.9061567	0.905442	0.8243776	0.7861626	0.8580993	0.90618944	0.8052207	0.91750705	0.9156162	0.8950176	0.8991132	0.8436768	0.91459155	0.8663637	0.89364636	0.9186493	0.90939295	0.8954837	0.8748145	0.92146134	0.8792486	0.85759395	0.92239654	0.8685471	0.8448789	0.90220284	0.9110695	0.864785	0.91102076	0.8855017	0.89912623	0.89974684	0.87926394
MS.1.6.lemma20.138	0.9274694	0.8380128	0.7868235	0.93534976	0.9293046	0.937116	0.83270454	0.8302037	0.85746694	0.9202759	0.8445493	0.93720543	0.9514549	0.8974377	0.91177964	0.8996631	0.9478439	0.8511712	0.9128329	0.9418393	0.94556946	0.9216554	0.9196149	0.94278157	0.91645235	0.9016929	0.9305185	0.9007672	0.87880665	0.93175745	0.94500744	0.89657295	0.9314126	0.93294674	0.892254	0.9268826	0.92652833
MS.1.6.lemma20.139	0.93764997	0.87535036	0.82147646	0.94083524	0.9376576	0.94646823	0.8571031	0.8512456	0.86048293	0.9306729	0.8601346	0.9347979	0.936423	0.8923988	0.9223378	0.9035998	0.93841904	0.8704585	0.9229449	0.93565774	0.9389606	0.9327506	0.92114687	0.932341	0.91822696	0.89926004	0.9254452	0.89843726	0.8860558	0.9403874	0.9377213	0.90513736	0.9486728	0.94763917	0.8844931	0.93797505	0.94533014
MS.1.6.lemma20.140	0.95378196	0.8579776	0.7962962	0.94804037	0.93280953	0.94447345	0.8515737	0.84888095	0.8662935	0.9307629	0.8735622	0.9487831	0.9610678	0.9126964	0.9376212	0.9163029	0.95118636	0.8738224	0.9451019	0.94138676	0.96050334	0.95110387	0.9321935	0.9536742	0.942562	0.92477196	0.94866747	0.905399	0.91294813	0.94909495	0.9590057	0.920887	0.94556075	0.94317615	0.9047924	0.93400323	0.9381782
MS.1.6.lemma20.141	0.94858223	0.89527345	0.8260182	0.93592435	0.92704153	0.9373421	0.8715901	0.87702984	0.89322686	0.92174685	0.88608843	0.9427559	0.94460803	0.91353214	0.93591624	0.9107474	0.950706	0.8944832	0.93981344	0.94158256	0.948773	0.93966377	0.9413699	0.939126	0.91971207	0.9344975	0.94350433	0.91265374	0.90062934	0.9475701	0.9543641	0.933898	0.9498245	0.9487394	0.88189435	0.9275842	0.9394902
MS.1.6.lemma20.142	0.94290864	0.8389714	0.80262387	0.9469123	0.9390067	0.9519429	0.84566367	0.8355706	0.84887135	0.939148	0.8477471	0.9465494	0.94919944	0.9004184	0.91743815	0.89644337	0.9392762	0.8495393	0.9181901	0.9392426	0.94480795	0.916242	0.9181049	0.9444662	0.92035896	0.8879069	0.9215465	0.8899324	0.87920266	0.9537264	0.9479029	0.8988731	0.945344	0.9473807	0.9147507	0.9436592	0.9343982
MS.1.6.lemma20.143	0.8712036	0.8446009	0.81762433	0.89156467	0.87931496	0.885724	0.86073595	0.87477094	0.82763505	0.8761406	0.80801344	0.8838004	0.8707941	0.87128985	0.8881115	0.8838367	0.88300246	0.8676072	0.8706404	0.8797843	0.872948	0.85593873	0.8638143	0.8956841	0.8718685	0.86443305	0.8700159	0.8610491	0.8848807	0.89823633	0.8825206	0.8557478	0.88718504	0.9033605	0.82843924	0.90034544	0.8740088
MS.1.6.lemma20.144	0.9661753	0.8588085	0.77077675	0.9492015	0.9354717	0.9508424	0.85774744	0.8482931	0.8582143	0.93660176	0.88132435	0.9425797	0.9535389	0.9031727	0.9247603	0.8945858	0.95071185	0.8717639	0.93687683	0.9480817	0.9581078	0.9569351	0.9479761	0.9540316	0.9500202	0.92151016	0.93440497	0.90592337	0.9086998	0.95626736	0.9658836	0.94034547	0.9583397	0.94557285	0.91447026	0.9546744	0.9509747
MS.1.6.lemma20.145	0.96734846	0.8519966	0.7717777	0.9569617	0.9533562	0.9555792	0.8388385	0.8371303	0.8519995	0.9389577	0.8703422	0.9518154	0.9550848	0.90268326	0.9380802	0.8993735	0.9573488	0.86271644	0.94208133	0.9569328	0.96174127	0.95793855	0.9518774	0.9581704	0.94282854	0.9200108	0.94376355	0.9051208	0.8983842	0.95641655	0.96429	0.94089097	0.9661085	0.95328677	0.9211837	0.9564919	0.9496829
MS.1.6.lemma20.146	0.9390496	0.90911806	0.8418511	0.9082329	0.8968096	0.931339	0.8756013	0.8711952	0.90856916	0.9013234	0.92622733	0.93936384	0.9264128	0.9007672	0.926525	0.9181071	0.91458476	0.86761403	0.9060677	0.9080425	0.9189858	0.9068475	0.9148757	0.90323365	0.8977264	0.92375684	0.9267544	0.8909292	0.9121679	0.9336342	0.91645706	0.9141614	0.93404317	0.9376356	0.8591219	0.91826344	0.94864166
MS.1.6.lemma20.147	0.93405604	0.8864375	0.84562236	0.92214334	0.91324323	0.91780496	0.8824192	0.87316775	0.90858793	0.90408003	0.8991195	0.9567096	0.9365482	0.9273484	0.952136	0.8911753	0.92185175	0.8991405	0.9184444	0.922855	0.92159176	0.9138979	0.90132904	0.9116179	0.9128209	0.9138211	0.9382776	0.9009485	0.9094236	0.917296	0.92053837	0.9196928	0.93427175	0.92229533	0.8663974	0.92034936	0.91893387
MS.1.6.lemma20.148	0.7257847	0.7845244	0.82319593	0.7322899	0.7535275	0.7464752	0.79704535	0.7862277	0.7977148	0.7160405	0.74172026	0.7584264	0.724753	0.79009104	0.7719054	0.74894965	0.7055084	0.8125069	0.74599576	0.7213279	0.7057928	0.7070238	0.7038213	0.7164319	0.7287425	0.7415568	0.7405101	0.77672446	0.7311052	0.7221426	0.6944291	0.7141776	0.742061	0.7448939	0.6914508	0.74109983	0.7295868
MS.1.6.lemma20.149	0.9394659	0.85121155	0.80464864	0.9409182	0.93814087	0.9509968	0.8827576	0.8632934	0.8532395	0.94524693	0.83609074	0.9386247	0.9365588	0.9076731	0.9198401	0.88394374	0.93227834	0.8776862	0.92627203	0.94503057	0.9382377	0.92899036	0.9238756	0.94998324	0.91981494	0.8952192	0.92118454	0.8888707	0.8981573	0.95111096	0.94646215	0.9094023	0.95162237	0.9380127	0.91883034	0.96142036	0.9201951
MS.1.6.lemma20.150	0.9517708	0.83719385	0.8033249	0.94009066	0.9456651	0.95100653	0.8663981	0.84238577	0.84994256	0.94815916	0.83863854	0.9502263	0.9440062	0.8974584	0.92030966	0.8877045	0.9432651	0.8708958	0.9300257	0.95944965	0.95224345	0.93873143	0.92556787	0.9619259	0.93368906	0.902285	0.93126386	0.9083741	0.8819348	0.95564806	0.9505621	0.9058831	0.9532715	0.9343144	0.9248095	0.9496813	0.92959976
MS.1.6.lemma20.151	0.9559095	0.8623383	0.8153121	0.9397634	0.9324073	0.95558083	0.8730141	0.8547896	0.89440286	0.94657373	0.8918609	0.9503271	0.9496895	0.9116641	0.9357893	0.9146366	0.9428885	0.87378216	0.9315602	0.93586683	0.94800675	0.9411837	0.92244285	0.93997246	0.92863506	0.9228074	0.9460249	0.8967647	0.91188276	0.954799	0.9550483	0.9204607	0.9466297	0.9354737	0.91076463	0.93792045	0.9424193
MS.1.6.lemma20.152	0.9544096	0.84379715	0.7974249	0.9368782	0.9491675	0.95728356	0.86355305	0.8422953	0.8652365	0.9459481	0.8559769	0.9472709	0.9419225	0.8994647	0.93435603	0.88860077	0.9491109	0.8855279	0.9318068	0.9603433	0.9521532	0.9408357	0.9262226	0.9619468	0.9234437	0.9045554	0.93385535	0.90670645	0.89217746	0.9549873	0.956491	0.9248451	0.9573389	0.9338351	0.9211633	0.9419892	0.927367
MS.1.6.lemma20.153	0.9442643	0.83341384	0.76894885	0.94833124	0.9253688	0.9410927	0.8400784	0.846042	0.84190595	0.93408936	0.85186464	0.938531	0.9516956	0.8894738	0.9164239	0.92071176	0.95286316	0.85180444	0.9309957	0.93987274	0.9575431	0.94542867	0.9244368	0.9535464	0.94590247	0.9156442	0.9299494	0.88679737	0.91200864	0.9580425	0.9659959	0.9205095	0.93619835	0.9380753	0.8972752	0.9331965	0.932531
MS.1.6.lemma20.154	0.9559172	0.84854794	0.78610563	0.95417225	0.9356992	0.9555201	0.86566937	0.8679307	0.87189865	0.9400338	0.86685276	0.9601324	0.95487595	0.9130723	0.9453233	0.91379017	0.964085	0.8799559	0.9377692	0.9593806	0.9712037	0.95490396	0.93030804	0.9585499	0.93572485	0.91597253	0.94961435	0.90172774	0.92052066	0.9559705	0.96638507	0.9368621	0.9528301	0.9486127	0.91261625	0.9487747	0.9348154
MS.1.6.lemma20.155	0.9499238	0.8724228	0.7941793	0.9349266	0.91511256	0.9387131	0.870889	0.8608961	0.89155835	0.9268285	0.8914667	0.9411812	0.93638444	0.90737975	0.93414605	0.90561193	0.9452354	0.8832776	0.9227842	0.9367962	0.93386513	0.9270255	0.92532897	0.9491496	0.9199289	0.9234178	0.93364	0.90582716	0.91665775	0.9445075	0.9469266	0.9303092	0.9516766	0.93462723	0.89709306	0.94187444	0.92626476
MS.1.6.lemma20.156	0.8702122	0.798138	0.77106386	0.85851216	0.8836922	0.8702695	0.82379097	0.7890295	0.81436646	0.8891358	0.7873924	0.87110317	0.87347865	0.8522194	0.83923054	0.8072319	0.8523127	0.82395923	0.84142536	0.8720926	0.8571632	0.83224696	0.83743304	0.8689331	0.8393885	0.80457115	0.84612155	0.8475634	0.79184616	0.8805743	0.86607015	0.8185148	0.8704959	0.8586718	0.8706587	0.8841925	0.88232917
MS.1.6.lemma20.157	0.9327456	0.8561353	0.7766702	0.92136663	0.9050678	0.9492568	0.84357864	0.827688	0.8847919	0.92834085	0.88010883	0.9182871	0.92246705	0.8850323	0.89453256	0.88461906	0.9212425	0.83520496	0.8981776	0.91435826	0.9223095	0.906531	0.9174427	0.91587055	0.88174653	0.8736586	0.8964319	0.85307866	0.8713677	0.93214893	0.9240413	0.890089	0.93239015	0.94649863	0.90231943	0.9279324	0.9430805
MS.1.6.lemma20.158	0.9446298	0.8624314	0.82255995	0.9303057	0.9264487	0.9573442	0.87550867	0.8517766	0.8829137	0.943555	0.87496096	0.9454318	0.9457133	0.9149741	0.9187434	0.89365065	0.9384325	0.86364955	0.9203171	0.9322783	0.94067776	0.9187318	0.92537117	0.9372	0.9039119	0.89562184	0.9287139	0.87889117	0.8863392	0.949074	0.9436736	0.8971734	0.9425724	0.9484279	0.9193293	0.94389635	0.93841815
MS.1.6.lemma20.159	0.93988293	0.8558211	0.7762009	0.9298974	0.9125729	0.95653933	0.8487886	0.8322797	0.8825988	0.93693787	0.87793994	0.9248524	0.929637	0.8887337	0.9008554	0.8881529	0.92923284	0.83743036	0.90673494	0.92471606	0.93009543	0.9161553	0.9250168	0.92620754	0.8895382	0.87823	0.90255684	0.859609	0.8751	0.9412864	0.93293285	0.8972644	0.9393452	0.95153546	0.9083181	0.93702954	0.9475758
MS.1.6.lemma20.160	0.89610934	0.87525785	0.82154095	0.8916208	0.8764287	0.9175938	0.8568762	0.8391784	0.8710599	0.9022169	0.8670932	0.90262353	0.90524733	0.885726	0.8740301	0.8756458	0.8881517	0.8369166	0.8783608	0.8816084	0.8880843	0.8648314	0.8823038	0.8847735	0.86184627	0.85491455	0.8774139	0.84709036	0.8522274	0.9051556	0.89059913	0.84416276	0.89879024	0.91829807	0.8696067	0.9062805	0.9238042
MS.1.6.lemma20.161	0.9578167	0.8621906	0.78461075	0.96247095	0.93517834	0.97095335	0.861952	0.8597732	0.86698085	0.9445349	0.86783725	0.95067775	0.952456	0.904639	0.9335191	0.9111437	0.95828414	0.86323154	0.93603384	0.95801425	0.9632942	0.9532134	0.9473972	0.95659864	0.9359375	0.9142493	0.93279976	0.88858473	0.9199325	0.9605934	0.96475023	0.93246335	0.96831393	0.96582365	0.91327584	0.9566977	0.946461
MS.1.6.lemma20.162	0.953129	0.8505019	0.7804214	0.94366825	0.93649596	0.9522848	0.86088765	0.85570765	0.8459226	0.93623567	0.84735763	0.9354979	0.9352948	0.8945739	0.9205349	0.8821127	0.93509215	0.85795474	0.9303708	0.9515746	0.950996	0.9429661	0.93593955	0.95412564	0.92907816	0.9006265	0.91739935	0.88964635	0.8877938	0.9456874	0.9552473	0.92089105	0.9508588	0.9466654	0.9210549	0.95044637	0.92790693
MS.1.6.lemma20.163	0.938103	0.88257056	0.80481243	0.9224333	0.9033214	0.95093036	0.866774	0.84861845	0.91173357	0.9336031	0.90672207	0.9265366	0.9290129	0.90335447	0.9104695	0.89801896	0.92523223	0.85404956	0.9106463	0.9178075	0.92342144	0.91491276	0.9224042	0.9157318	0.8882779	0.89287823	0.90997463	0.8676235	0.8837004	0.9346937	0.92488205	0.8998759	0.93839324	0.94973445	0.89473605	0.9325427	0.94938457
MS.1.6.lemma20.164	0.8840646	0.8730646	0.8253686	0.8806801	0.8663886	0.90681005	0.85567665	0.8370366	0.8654198	0.89056194	0.8598952	0.89443713	0.89366305	0.8807383	0.8647742	0.86839175	0.87759364	0.8356719	0.8683996	0.8687504	0.87564135	0.85188556	0.8717253	0.87285507	0.84971446	0.84650373	0.8675203	0.83942294	0.8448535	0.8956924	0.8784935	0.8337498	0.88766325	0.91011715	0.857919	0.897544	0.9116694
MS.1.6.lemma20.165	0.96370614	0.87107563	0.7711025	0.9559417	0.9406029	0.96366554	0.85274035	0.86709243	0.86163485	0.9380954	0.8790926	0.94708	0.9539869	0.899163	0.93295443	0.91704094	0.9605452	0.8584639	0.9361441	0.9558754	0.9680409	0.95683986	0.9528939	0.95630026	0.9355324	0.92157483	0.9397644	0.90635085	0.9058052	0.9630445	0.9698006	0.9379935	0.9593364	0.96969825	0.9112255	0.9546199	0.9565047
MS.1.6.lemma20.166	0.88804996	0.8546177	0.7534735	0.8321996	0.79437053	0.8770038	0.86138916	0.82911634	0.91633165	0.8635931	0.93119204	0.8545801	0.8415686	0.87067616	0.8620071	0.82086426	0.83684653	0.810439	0.83669615	0.82615423	0.8380767	0.8460984	0.8489912	0.8088176	0.8088892	0.8468195	0.8547018	0.7884706	0.8584697	0.84549665	0.84798187	0.8622019	0.8668593	0.8748643	0.81607985	0.8610273	0.88115776
MS.1.6.lemma20.167	0.8740536	0.864416	0.7396138	0.81747806	0.78701794	0.85565674	0.8493518	0.8134054	0.9230343	0.84932524	0.92668045	0.8433808	0.8405889	0.8668165	0.8493336	0.80024964	0.82855856	0.8107468	0.83515704	0.82322174	0.8224424	0.83847874	0.84470713	0.8105022	0.8040669	0.8442192	0.84484875	0.80254775	0.8370385	0.8323916	0.83938515	0.859673	0.8614577	0.85306835	0.82409656	0.85448456	0.8814709
MS.1.6.lemma20.168	0.93848526	0.8322791	0.7595617	0.9238851	0.9231849	0.9269314	0.8204056	0.8111609	0.83587575	0.93657124	0.8479084	0.9246138	0.94312745	0.8701545	0.8931098	0.87700045	0.935414	0.8292717	0.89720213	0.9256918	0.934569	0.91545963	0.90693516	0.9333164	0.909148	0.8856175	0.91517496	0.8804226	0.86494315	0.94923544	0.9543928	0.8981867	0.93227774	0.9284852	0.90325063	0.9220613	0.93678755
