c1	KS.9.11.lemma20.000	KS.9.11.lemma20.001	KS.9.11.lemma20.002	KS.9.11.lemma20.003	KS.9.11.lemma20.004	KS.9.11.lemma20.005	KS.9.11.lemma20.006	KS.9.11.lemma20.007	KS.9.11.lemma20.008	KS.9.11.lemma20.009	KS.9.11.lemma20.010	KS.9.11.lemma20.011	KS.9.11.lemma20.012	KS.9.11.lemma20.013	KS.9.11.lemma20.014	KS.9.11.lemma20.015	KS.9.11.lemma20.016	KS.9.11.lemma20.017	KS.9.11.lemma20.018	KS.9.11.lemma20.019	KS.9.11.lemma20.020	KS.9.11.lemma20.021	KS.9.11.lemma20.022	KS.9.11.lemma20.023	KS.9.11.lemma20.024	KS.9.11.lemma20.025	KS.9.11.lemma20.026	KS.9.11.lemma20.027	KS.9.11.lemma20.028	KS.9.11.lemma20.029	KS.9.11.lemma20.030	KS.9.11.lemma20.031	KS.9.11.lemma20.032	KS.9.11.lemma20.033	KS.9.11.lemma20.034	KS.9.11.lemma20.035	KS.9.11.lemma20.036	KS.9.11.lemma20.037	KS.9.11.lemma20.038	KS.9.11.lemma20.039	KS.9.11.lemma20.040	KS.9.11.lemma20.041	KS.9.11.lemma20.042	KS.9.11.lemma20.043	KS.9.11.lemma20.044	KS.9.11.lemma20.045	KS.9.11.lemma20.046	KS.9.11.lemma20.047	KS.9.11.lemma20.048	KS.9.11.lemma20.049	KS.9.11.lemma20.050	KS.9.11.lemma20.051	KS.9.11.lemma20.052	KS.9.11.lemma20.053	KS.9.11.lemma20.054	KS.9.11.lemma20.055	KS.9.11.lemma20.056	KS.9.11.lemma20.057	KS.9.11.lemma20.058	KS.9.11.lemma20.059	KS.9.11.lemma20.060	KS.9.11.lemma20.061	KS.9.11.lemma20.062	KS.9.11.lemma20.063	KS.9.11.lemma20.064	KS.9.11.lemma20.065	KS.9.11.lemma20.066	KS.9.11.lemma20.067	KS.9.11.lemma20.068	KS.9.11.lemma20.069	KS.9.11.lemma20.070	KS.9.11.lemma20.071	KS.9.11.lemma20.072	KS.9.11.lemma20.073	KS.9.11.lemma20.074	KS.9.11.lemma20.075	KS.9.11.lemma20.076	KS.9.11.lemma20.077	KS.9.11.lemma20.078	KS.9.11.lemma20.079	KS.9.11.lemma20.080	KS.9.11.lemma20.081	KS.9.11.lemma20.082	KS.9.11.lemma20.083	KS.9.11.lemma20.084	KS.9.11.lemma20.085	KS.9.11.lemma20.086	KS.9.11.lemma20.087	KS.9.11.lemma20.088	KS.9.11.lemma20.089	KS.9.11.lemma20.090
MS.1.9.lemma20.000	0.9707879	0.914386	0.8750571	0.8472879	0.87572235	0.8272374	0.87772167	0.841881	0.91663796	0.841135	0.90873677	0.85890585	0.9043733	0.85177296	0.8689969	0.8669485	0.8653277	0.8591831	0.8611392	0.8526279	0.8511646	0.88161504	0.8627701	0.86706233	0.8517825	0.79375666	0.74363935	0.8653793	0.82565254	0.8950087	0.9146435	0.8626176	0.85603076	0.9006159	0.8243363	0.9122594	0.86574274	0.8935923	0.86893857	0.8930385	0.8842059	0.91042936	0.92574555	0.82970554	0.8053879	0.85948527	0.8820255	0.9107401	0.91777736	0.92356986	0.897399	0.8920584	0.88976014	0.936579	0.9000611	0.9135368	0.93316036	0.91073257	0.8647391	0.8925793	0.88045263	0.8710006	0.891515	0.90559626	0.8847891	0.90893364	0.9098327	0.86233836	0.9162335	0.843536	0.9077766	0.88186103	0.9038176	0.91985154	0.9226598	0.8885868	0.88026536	0.87057596	0.8924818	0.80459476	0.892994	0.9079144	0.856026	0.8475252	0.8532087	0.85615534	0.8480527	0.8966689	0.8654506	0.8955149	0.8560831
MS.1.9.lemma20.001	0.8790363	0.99128145	0.85080993	0.84442884	0.83230764	0.8287515	0.9037799	0.8434358	0.8191199	0.9189226	0.82250345	0.92402387	0.89014745	0.84607255	0.8691395	0.8715128	0.87643516	0.88052255	0.8811321	0.87263715	0.87414646	0.8930365	0.88149357	0.89305246	0.87933224	0.79727083	0.7647991	0.8819471	0.8525339	0.8667186	0.8930847	0.78086734	0.924166	0.90641683	0.7405883	0.9017324	0.86300343	0.88929987	0.8601133	0.9045957	0.8655668	0.89211524	0.9168621	0.8354443	0.8440014	0.8428729	0.8857869	0.88890857	0.8927853	0.88104796	0.85271347	0.863195	0.8485174	0.86631495	0.851009	0.8553138	0.85660255	0.8634018	0.8843117	0.8604414	0.90047777	0.87506986	0.87569493	0.8939851	0.8354063	0.8945032	0.8898251	0.8428125	0.8439635	0.83255154	0.85776126	0.863196	0.8863021	0.9113275	0.88547873	0.8578057	0.8740327	0.80603105	0.8862945	0.8231495	0.84637856	0.8971314	0.8419791	0.8705785	0.840246	0.8417477	0.86464447	0.85464555	0.8867489	0.82179254	0.8718607
MS.1.9.lemma20.002	0.8579919	0.85131514	0.9767408	0.89136153	0.87370336	0.82580435	0.8550746	0.8290951	0.8507217	0.8230919	0.8478032	0.8384059	0.83402145	0.85695857	0.879684	0.8772844	0.8843072	0.87119645	0.8764962	0.8673683	0.8704823	0.87739193	0.86447203	0.8639349	0.86883175	0.7772756	0.7291122	0.8583471	0.8300083	0.90975296	0.859216	0.76951444	0.83702886	0.9109405	0.7137617	0.8285197	0.8377893	0.81650436	0.8248201	0.8437979	0.854976	0.91930974	0.85259587	0.7796149	0.7778666	0.8445793	0.8144648	0.8822417	0.88781655	0.90041894	0.8940556	0.8769554	0.8947274	0.9044289	0.8726753	0.90749836	0.90247804	0.8807715	0.80705893	0.8159971	0.8371657	0.84958196	0.8977326	0.87063235	0.8219361	0.8917042	0.90912133	0.85806596	0.86007035	0.77420205	0.9022969	0.893272	0.80525	0.8364924	0.87908363	0.8117651	0.8452984	0.8410481	0.8329371	0.78824186	0.8577861	0.86031604	0.7682526	0.8409009	0.8155912	0.86034966	0.8038003	0.8820598	0.84555626	0.87836754	0.88719606
MS.1.9.lemma20.003	0.83672434	0.8593914	0.9104579	0.97420526	0.8780971	0.8318583	0.8535499	0.83572274	0.8295153	0.8212243	0.825295	0.8384251	0.84887034	0.829256	0.86128753	0.8298822	0.85244817	0.8361845	0.8516734	0.83224916	0.8453039	0.85738057	0.8527191	0.8449939	0.85259974	0.7464246	0.69236475	0.8518395	0.8185934	0.8672526	0.84418386	0.77497584	0.8232298	0.9134761	0.6978604	0.8174282	0.83352345	0.8164902	0.8132512	0.85679954	0.84155566	0.9012771	0.8786165	0.7896385	0.78109103	0.86390406	0.8172949	0.89936596	0.8944641	0.89142936	0.86625254	0.91721153	0.87191325	0.8760332	0.91632825	0.8714119	0.87386775	0.853366	0.8027145	0.789744	0.834969	0.8547224	0.90317464	0.8651954	0.81724215	0.87508893	0.8912438	0.8659604	0.8354373	0.7542865	0.91634923	0.91196007	0.82250124	0.839668	0.87091225	0.80966157	0.8435757	0.80434304	0.8327537	0.8008516	0.82637745	0.8621479	0.84017926	0.8515762	0.8010974	0.81199986	0.7895152	0.87504935	0.8466715	0.8361822	0.89016324
MS.1.9.lemma20.004	0.7355362	0.75728244	0.77256215	0.8080298	0.7988876	0.9575837	0.79688627	0.7184992	0.75498104	0.7331165	0.7363054	0.7417578	0.8162097	0.7301435	0.7411237	0.7154198	0.72843194	0.7304819	0.7257395	0.7147543	0.71690106	0.73502684	0.721213	0.73611474	0.73131824	0.7236891	0.66005516	0.79332894	0.74567175	0.79725945	0.7433035	0.6581516	0.73724073	0.80840015	0.64379776	0.73137873	0.7251147	0.77413636	0.7663963	0.7741082	0.7828896	0.77264017	0.71885306	0.79700273	0.74896044	0.8520194	0.7615	0.76515365	0.81503224	0.7492213	0.7998989	0.7853333	0.75906885	0.7837025	0.7833421	0.7640963	0.7737046	0.78809106	0.73025334	0.7399399	0.7751334	0.71351177	0.73399687	0.7881739	0.6538466	0.7879987	0.8815988	0.7333387	0.7556444	0.7287775	0.8450835	0.75386417	0.72455406	0.80860656	0.77339447	0.787301	0.76495916	0.705868	0.77710915	0.7112255	0.7305024	0.7277927	0.7261616	0.8108594	0.7607171	0.8524095	0.7454464	0.74779487	0.81823254	0.7206329	0.7855013
MS.1.9.lemma20.005	0.79745126	0.8324269	0.8425385	0.87906045	0.90632576	0.8864923	0.86667967	0.8044068	0.8050908	0.81062067	0.79077166	0.8162051	0.84210706	0.78898793	0.8225669	0.79227406	0.8170223	0.7996548	0.8110779	0.79163015	0.80528617	0.8083879	0.80415094	0.80560714	0.8149175	0.7700193	0.7215866	0.8501805	0.8357628	0.8482415	0.8211984	0.72239405	0.81411725	0.8902885	0.66288304	0.80493325	0.81000775	0.81677234	0.8197744	0.82430375	0.82645017	0.8313068	0.79666257	0.8413894	0.80632323	0.8927232	0.8101395	0.8396304	0.87291944	0.81738645	0.8494568	0.85388625	0.80919355	0.84401846	0.85724473	0.82700956	0.823308	0.82733774	0.8089664	0.79182935	0.8332323	0.77246916	0.818803	0.82745427	0.71900547	0.83521837	0.9099172	0.8455726	0.806994	0.7341835	0.907295	0.86156535	0.79660475	0.83626246	0.8171978	0.78161037	0.8121349	0.7418138	0.8054262	0.7565451	0.7604844	0.81575984	0.7599549	0.8455991	0.78859645	0.8810307	0.78066754	0.8172322	0.85941666	0.7850466	0.86673933
MS.1.9.lemma20.006	0.86639595	0.8880124	0.83599985	0.80434614	0.8236819	0.83150524	0.9417273	0.83134294	0.8457435	0.88372475	0.8401464	0.8902278	0.862473	0.85797745	0.8958626	0.8537467	0.88466203	0.85734284	0.884925	0.8523036	0.88388544	0.8719109	0.8866215	0.86976594	0.88387895	0.8283195	0.81063795	0.9110273	0.91022635	0.8925371	0.9094729	0.8198962	0.8831136	0.9119463	0.74764526	0.9024098	0.89931434	0.91309303	0.9197496	0.90964705	0.88038945	0.8997642	0.84272933	0.84490883	0.86535454	0.88968754	0.8537087	0.89890563	0.9037836	0.8668632	0.8467357	0.80986375	0.8094462	0.87188846	0.8145112	0.8279401	0.8513236	0.86520964	0.9279072	0.87189126	0.9165864	0.8668783	0.89433056	0.87554115	0.8199907	0.8996369	0.87723213	0.8085164	0.8739986	0.8423353	0.85933363	0.84567434	0.8575433	0.8929255	0.87951076	0.8174963	0.8845446	0.8052717	0.89017934	0.8100976	0.8348501	0.91482955	0.8277357	0.88337	0.8703532	0.88407886	0.8648124	0.88283974	0.91143006	0.81861466	0.8878068
MS.1.9.lemma20.007	0.84833425	0.8962515	0.84233946	0.83358395	0.84736323	0.83105206	0.9342618	0.9668635	0.8480749	0.8968608	0.8371175	0.8948827	0.8672199	0.87826544	0.8853093	0.882254	0.8794243	0.88481116	0.8773598	0.8754793	0.8689143	0.8893791	0.8769949	0.89351094	0.8771906	0.8226774	0.7946215	0.8602516	0.8456032	0.8739739	0.88321155	0.7511553	0.88724035	0.8897542	0.7071692	0.8716806	0.8553568	0.8579913	0.8378241	0.89513916	0.8695945	0.87944144	0.84543526	0.85180885	0.844246	0.90493804	0.8534608	0.849061	0.87819165	0.8609886	0.89394623	0.84826595	0.8264773	0.8842922	0.84609395	0.840421	0.8480038	0.8494159	0.8571513	0.8275855	0.90013164	0.8346686	0.865885	0.8702202	0.77867573	0.8830326	0.88310397	0.82192	0.8502493	0.8153357	0.88336176	0.8529607	0.834451	0.8645567	0.85405624	0.79890394	0.83715326	0.76980406	0.8395751	0.7776043	0.8061869	0.87691694	0.8308401	0.86335015	0.8602007	0.83128804	0.82364494	0.84375197	0.8848803	0.80893075	0.87818074
MS.1.9.lemma20.008	0.92528045	0.8030591	0.83500814	0.8030462	0.82503206	0.7584087	0.83558965	0.784154	0.9899047	0.7984657	0.95920545	0.8077685	0.8597595	0.79727674	0.8043548	0.815361	0.8128358	0.8012778	0.8010831	0.8021908	0.7897367	0.81878656	0.7952442	0.80535775	0.7938035	0.736428	0.69683653	0.8127274	0.76588184	0.86965483	0.8959414	0.9051432	0.786309	0.8545669	0.7731696	0.8367262	0.82214457	0.8254831	0.8204657	0.84498775	0.83897084	0.87530804	0.8614016	0.8057429	0.73924583	0.84417427	0.82905966	0.83483195	0.86251986	0.89722496	0.90455055	0.84968716	0.86846507	0.9310443	0.8544835	0.88173217	0.9197419	0.86991435	0.81082356	0.85969007	0.8009366	0.82961655	0.8591812	0.8612681	0.88115585	0.8763697	0.8543536	0.7984784	0.86110353	0.7538588	0.88986313	0.837101	0.84382194	0.81076354	0.8593561	0.77407664	0.8134661	0.80995005	0.80222404	0.7469465	0.8228878	0.8657569	0.7995129	0.8038446	0.8317572	0.8132836	0.7551071	0.8665136	0.8226585	0.8841533	0.83077246
MS.1.9.lemma20.009	0.92866457	0.9139828	0.8900647	0.8514485	0.8722396	0.83252233	0.91040844	0.8927634	0.922806	0.9165211	0.9181806	0.92644596	0.8835581	0.8778981	0.8909783	0.89988375	0.8982133	0.9019884	0.8968824	0.8941756	0.88359636	0.91001445	0.88966113	0.904766	0.88928765	0.8098283	0.78906506	0.88667583	0.8588516	0.92532754	0.92890245	0.8353245	0.9153855	0.9212699	0.76989853	0.8998357	0.8814057	0.88936335	0.86296797	0.90608066	0.8967521	0.9203619	0.9037148	0.8556336	0.8239511	0.90032977	0.8682393	0.89565253	0.92308766	0.9306439	0.94130474	0.8877606	0.91285396	0.94681036	0.8724785	0.9156117	0.93093026	0.91948396	0.8874081	0.87341255	0.89131963	0.8898384	0.8969516	0.9284192	0.87649053	0.92690873	0.91379	0.8735039	0.8918264	0.8414431	0.9203276	0.89218336	0.8845376	0.8781677	0.920766	0.83695596	0.8824591	0.8469809	0.8594477	0.83179706	0.87572813	0.9118231	0.8608699	0.8855958	0.887189	0.86413884	0.8453233	0.8839955	0.8931436	0.86970913	0.88442737
MS.1.9.lemma20.010	0.9314836	0.82746625	0.84510267	0.8121409	0.8351881	0.7635244	0.85178876	0.796872	0.9644825	0.82965475	0.9865954	0.8475591	0.87501514	0.82527673	0.8271644	0.83764565	0.8303586	0.8287333	0.82234603	0.8278161	0.81092465	0.8412566	0.81469125	0.8330681	0.81632715	0.74404025	0.7240239	0.84056544	0.7889399	0.89418936	0.91583663	0.91628337	0.82749254	0.8740493	0.78873193	0.8557795	0.8356002	0.84715915	0.8308944	0.8642355	0.85472614	0.88644624	0.8651183	0.80821747	0.76237506	0.8543775	0.8356201	0.8443985	0.8732263	0.9062229	0.9099751	0.86043894	0.88263243	0.9332699	0.85628146	0.8910442	0.91814065	0.88193905	0.8443336	0.8734324	0.8284156	0.85013765	0.88109535	0.8847998	0.89203525	0.89052635	0.8593473	0.80933315	0.8553885	0.78401744	0.90140927	0.8484681	0.8412066	0.8192928	0.876075	0.77569973	0.84228396	0.8168683	0.8289002	0.78520876	0.83911175	0.8873386	0.8160781	0.8306728	0.86983633	0.8310082	0.78077716	0.8686473	0.8549098	0.8739295	0.8539168
MS.1.9.lemma20.011	0.8815701	0.88921475	0.8445289	0.82243437	0.8465138	0.8180216	0.9127519	0.8404579	0.884666	0.9138944	0.87917954	0.9321386	0.86139894	0.85096896	0.8752394	0.8742657	0.88919884	0.88117886	0.88603914	0.86713517	0.8751602	0.88483864	0.8794985	0.8877006	0.8872194	0.8021057	0.81967026	0.88069284	0.88254905	0.9198661	0.91625154	0.80267805	0.9200815	0.9048838	0.72240007	0.8628775	0.8614579	0.87088037	0.86754936	0.8960469	0.8638268	0.881797	0.8519597	0.83729476	0.81808156	0.8806153	0.83317065	0.85961986	0.8956575	0.879074	0.9042946	0.83311266	0.87238914	0.8929729	0.8162669	0.87085676	0.8698883	0.8820302	0.87725496	0.8636746	0.8724749	0.8322598	0.8623214	0.89687485	0.814805	0.8967621	0.8869298	0.8425247	0.8508292	0.7885467	0.88855183	0.83839923	0.84337777	0.8494461	0.880179	0.7937438	0.86865795	0.7818704	0.83335686	0.8314976	0.8112802	0.8804295	0.8154103	0.8706132	0.8817558	0.87185085	0.81392306	0.86944926	0.89002466	0.82273585	0.86837244
MS.1.9.lemma20.012	0.8063731	0.8643129	0.8196297	0.8511112	0.84209955	0.8186741	0.846711	0.81767684	0.79151314	0.8317653	0.8089746	0.8487046	0.9156282	0.9344808	0.9063923	0.8835117	0.8672574	0.8937474	0.86826986	0.88529617	0.8652363	0.88478184	0.86162955	0.9031003	0.8741149	0.75477844	0.7543829	0.8784456	0.8369997	0.85338247	0.84119326	0.7076622	0.8446097	0.8520398	0.68901366	0.816477	0.76967835	0.81443566	0.79218715	0.83663225	0.84364086	0.8653354	0.8421247	0.7851381	0.80333626	0.8558951	0.8784381	0.85593677	0.86071235	0.843991	0.8242311	0.8374835	0.8178697	0.8308162	0.8404729	0.82570755	0.8117733	0.8392605	0.7884878	0.7703821	0.8198682	0.8070619	0.83718693	0.82184786	0.75197166	0.837715	0.85367805	0.7914929	0.8279909	0.79806286	0.85761344	0.8453248	0.8128365	0.84844625	0.8705468	0.80189776	0.8557431	0.77011275	0.8393972	0.8332743	0.81547177	0.86863595	0.80317074	0.8616353	0.79102904	0.7853708	0.823584	0.8148674	0.8310997	0.773984	0.8501164
MS.1.9.lemma20.013	0.84371424	0.8079876	0.8089624	0.7773647	0.8590251	0.8194415	0.85951424	0.8076349	0.8719388	0.80559456	0.8832077	0.81516993	0.8801626	0.8343923	0.84309125	0.83394134	0.84403294	0.83790714	0.83994794	0.8277095	0.8247417	0.83555233	0.82573754	0.8311077	0.8335519	0.82326037	0.80959594	0.8656105	0.8438649	0.89978874	0.8501699	0.75773007	0.80792606	0.86646676	0.66420764	0.8164611	0.8400862	0.8426898	0.8177402	0.84954375	0.8409781	0.85845506	0.80724156	0.8210087	0.8029661	0.848751	0.81177425	0.78641784	0.8315692	0.83329445	0.848313	0.7694466	0.79217297	0.85109	0.78501296	0.8128839	0.84090227	0.8407453	0.7882909	0.79083925	0.8296116	0.7788766	0.81853956	0.8172363	0.76517	0.8333212	0.857961	0.8012349	0.8238961	0.74583256	0.8640034	0.80384463	0.81339806	0.8056736	0.8239423	0.7463886	0.7915757	0.74711925	0.7708689	0.7436436	0.7751836	0.83792365	0.7712104	0.82377106	0.8456676	0.85251343	0.77992064	0.843217	0.82572824	0.82677823	0.85593134
MS.1.9.lemma20.014	0.8602437	0.87607515	0.8418798	0.8042547	0.8569978	0.8041539	0.8782225	0.85808355	0.8113247	0.8459027	0.81418145	0.8571363	0.85277057	0.965149	0.96840644	0.9397443	0.9369412	0.9366586	0.93390054	0.94340366	0.93720526	0.9369905	0.92795074	0.94770646	0.9347612	0.7780655	0.7915984	0.87026507	0.87188303	0.8731289	0.863282	0.75028926	0.85542786	0.87914044	0.67464685	0.8671487	0.8639271	0.8572397	0.8421957	0.8549171	0.8458454	0.87624687	0.8411495	0.8128259	0.8403486	0.8455467	0.8375826	0.8521878	0.87513494	0.85258925	0.84697056	0.7963084	0.83298886	0.85321116	0.79817224	0.8497535	0.8380574	0.8265154	0.84512955	0.8082745	0.85695875	0.81918913	0.8610097	0.8545382	0.77601933	0.83692676	0.85319155	0.81629086	0.8521038	0.79716444	0.8536703	0.8447309	0.8220943	0.8344964	0.8500363	0.76752204	0.83135426	0.7709996	0.8188487	0.78133917	0.8105884	0.8672179	0.78343946	0.8150723	0.8132983	0.83663017	0.81418437	0.83835596	0.836175	0.78805053	0.8632201
MS.1.9.lemma20.015	0.8233995	0.86587226	0.8605076	0.87020135	0.8513254	0.8054056	0.86715764	0.83822507	0.79169285	0.8469979	0.7968972	0.8704803	0.8684877	0.9497465	0.96718836	0.9474123	0.95769364	0.95490676	0.95852053	0.94211704	0.95144844	0.94677943	0.9487528	0.94008446	0.9472083	0.77984804	0.784698	0.87222594	0.8795504	0.88898957	0.85588497	0.6990811	0.86341524	0.87898755	0.6623213	0.8439731	0.84872645	0.8448553	0.82819474	0.84816027	0.84646714	0.8988541	0.83066	0.777686	0.8155682	0.84469604	0.82723916	0.8610704	0.8596633	0.84575677	0.8353731	0.82596993	0.83037597	0.8347127	0.8242621	0.8349994	0.82057726	0.83584106	0.8233473	0.7753956	0.8498532	0.81882656	0.8748717	0.84207094	0.74040633	0.86610734	0.85722214	0.8269021	0.8514699	0.7833924	0.8723267	0.8688135	0.78703165	0.8201415	0.865019	0.76704705	0.85252047	0.77709156	0.81782895	0.8218498	0.8055432	0.8737214	0.78438634	0.8541607	0.80134934	0.80344045	0.8034048	0.8712802	0.8363903	0.80306506	0.87239444
MS.1.9.lemma20.016	0.8361755	0.8234265	0.78597176	0.77030236	0.8121367	0.84126246	0.8707896	0.7981587	0.8515659	0.8011857	0.8429303	0.8146241	0.8862476	0.7928992	0.8288019	0.801603	0.8318232	0.81762516	0.83447653	0.7972495	0.818856	0.81342876	0.8231688	0.79985714	0.82222795	0.84011674	0.76608646	0.88471067	0.8535316	0.89845717	0.8401729	0.74583644	0.7989325	0.8747268	0.6671664	0.83580977	0.8452241	0.860537	0.86051565	0.87180924	0.8598675	0.8704898	0.81086516	0.81951225	0.8235774	0.8496409	0.81802356	0.8046167	0.84022295	0.8322254	0.82275724	0.7669925	0.76962996	0.8259163	0.7827873	0.7839727	0.8281703	0.8424176	0.8191581	0.78440166	0.8550735	0.8088154	0.83929473	0.8176514	0.7742617	0.8483403	0.8543487	0.7911517	0.8360524	0.75545603	0.8492636	0.8175263	0.85210836	0.82121426	0.80896443	0.7571536	0.78858626	0.7470032	0.7853766	0.72504306	0.7724569	0.82293856	0.7647047	0.8262452	0.8463627	0.8640292	0.79399043	0.8401846	0.83455354	0.80342025	0.86559373
MS.1.9.lemma20.017	0.8558015	0.8924932	0.8455937	0.7981382	0.81212145	0.7942087	0.87393594	0.85334337	0.8196806	0.8571057	0.81159794	0.8679617	0.8421387	0.92153955	0.94146776	0.96390176	0.96743816	0.9584601	0.96110475	0.95739853	0.9567839	0.95277977	0.94724923	0.9544298	0.9521014	0.781704	0.78834176	0.8581941	0.86707807	0.8841691	0.8675073	0.7391795	0.8626113	0.8772898	0.67419225	0.87330306	0.8827729	0.86552536	0.8244901	0.84991467	0.8429144	0.8704068	0.8499023	0.81016695	0.82261914	0.8242799	0.82753193	0.8217686	0.8512704	0.8589158	0.8525672	0.8112928	0.83325714	0.84526306	0.80445296	0.8409183	0.8419189	0.82771015	0.84829015	0.7948578	0.85304505	0.8214728	0.8547435	0.85969263	0.77167827	0.8579138	0.8384441	0.812514	0.8362463	0.76831645	0.8423468	0.8539914	0.8316804	0.8265446	0.84124315	0.77316284	0.83302724	0.78514814	0.8182713	0.77857214	0.80623317	0.8580102	0.76483154	0.8221789	0.8112513	0.8192108	0.79228365	0.83861256	0.840224	0.7929816	0.8546647
MS.1.9.lemma20.018	0.84087944	0.8685245	0.8629478	0.8568086	0.8298891	0.78952616	0.8638722	0.84968144	0.80758446	0.85150343	0.80643225	0.87615836	0.85956794	0.9348046	0.95636636	0.9699051	0.9714461	0.9547286	0.965521	0.95135087	0.9589305	0.95560867	0.95436877	0.9431482	0.9506309	0.771784	0.7733999	0.8578859	0.8749724	0.88428915	0.86404157	0.71803004	0.8638396	0.8732135	0.6788492	0.85816556	0.85283166	0.83715934	0.8291652	0.8480389	0.8434744	0.90108436	0.83995587	0.7836839	0.81033605	0.8379808	0.82615745	0.8501637	0.8538458	0.8539797	0.84307	0.8246677	0.83838063	0.8455753	0.8211747	0.84171563	0.83391225	0.83932334	0.828632	0.78412825	0.85345995	0.8367288	0.8701107	0.84335804	0.7602993	0.8601726	0.8481937	0.83495504	0.8520862	0.7834422	0.8633074	0.8691626	0.7954285	0.8093274	0.86216754	0.756079	0.85044265	0.7887259	0.8112327	0.8092987	0.80708516	0.88095194	0.78626376	0.851175	0.7899885	0.7979778	0.7919569	0.8781099	0.83186513	0.82386	0.8646908
MS.1.9.lemma20.019	0.85057324	0.82564753	0.79041	0.76968265	0.8104918	0.83484536	0.86986923	0.8043603	0.8568468	0.8015612	0.8490833	0.81622964	0.8857143	0.7999404	0.83405346	0.81700516	0.83726966	0.8201563	0.84044784	0.8030918	0.82207465	0.8198957	0.827082	0.80412513	0.82439595	0.83586895	0.75853	0.8786485	0.8540992	0.90030366	0.8485299	0.75188833	0.79931974	0.87503904	0.67719316	0.84183484	0.84485364	0.8577204	0.86156654	0.8764449	0.859146	0.877546	0.8180557	0.8130296	0.82589793	0.8453697	0.8174609	0.80886954	0.8446003	0.83758414	0.82360643	0.76528275	0.77591246	0.8327756	0.7853914	0.79179287	0.8378809	0.84828913	0.82331043	0.78741026	0.8587479	0.8209371	0.84540635	0.81578976	0.78611183	0.8434377	0.8533749	0.8004979	0.84403247	0.76312363	0.84935415	0.8245737	0.855536	0.8189367	0.81072295	0.75293905	0.7870183	0.7522348	0.7840902	0.72038734	0.7770732	0.82931906	0.7751217	0.82378924	0.8338537	0.8609757	0.79483366	0.84832263	0.82851475	0.818011	0.8670822
MS.1.9.lemma20.020	0.8614294	0.8879309	0.8342127	0.7818885	0.8085773	0.78717333	0.8760102	0.8626448	0.8224776	0.85834867	0.8118238	0.87010044	0.8365165	0.912245	0.93441546	0.95816135	0.9612755	0.95369565	0.95931095	0.9587683	0.95703876	0.9505937	0.94492596	0.9492724	0.94653237	0.7765706	0.7836482	0.857553	0.8663203	0.8691707	0.8623805	0.7524056	0.8617175	0.87298894	0.68138474	0.88505983	0.88534915	0.8603979	0.8386119	0.8489207	0.8407099	0.87278056	0.8500301	0.822373	0.83276534	0.8279007	0.83518076	0.8180075	0.84832776	0.86037034	0.8495339	0.799705	0.8296564	0.8493314	0.7920961	0.8379001	0.84219676	0.82084244	0.8521756	0.8121464	0.8619772	0.83467525	0.84555477	0.86109704	0.7822483	0.8467844	0.836629	0.8214009	0.84590405	0.78270054	0.8339097	0.8365124	0.83975923	0.8257895	0.8417309	0.76361406	0.83381385	0.7824439	0.8159533	0.7743706	0.80413026	0.8661091	0.76835334	0.8131422	0.8072347	0.8219664	0.78698653	0.83943737	0.84028196	0.7989389	0.84874636
MS.1.9.lemma20.021	0.83169854	0.87088674	0.8571351	0.8597447	0.8353521	0.7930326	0.8633456	0.8430078	0.8034062	0.8496065	0.8002561	0.8702035	0.85502476	0.93353844	0.9560233	0.94963443	0.96338964	0.95466864	0.96714747	0.9707107	0.9716686	0.95958185	0.9596929	0.94815725	0.9562491	0.76772285	0.7834208	0.8649654	0.8768934	0.885422	0.8634133	0.7285295	0.8634323	0.87688106	0.66847664	0.8600165	0.8629383	0.8543156	0.8241298	0.8398953	0.84540826	0.8965156	0.83586687	0.78300744	0.8117073	0.8488465	0.8208262	0.85072166	0.85516495	0.85359997	0.8375749	0.82338285	0.8377395	0.83999234	0.8152425	0.8333021	0.8262157	0.8282939	0.8243923	0.77711195	0.84778696	0.83440006	0.8613809	0.84996283	0.7556904	0.8552631	0.84975034	0.83331394	0.8439937	0.78147966	0.8663309	0.86642706	0.79806036	0.81032395	0.8604823	0.760028	0.84530336	0.78208685	0.8103866	0.80907536	0.8058495	0.8754048	0.7977858	0.84330237	0.7944303	0.7970692	0.78742355	0.879927	0.83270234	0.8113718	0.87023026
MS.1.9.lemma20.022	0.8829739	0.84042865	0.8334185	0.8197586	0.8298111	0.843833	0.8622556	0.8306305	0.8906991	0.7955826	0.8781408	0.8179337	0.89450127	0.823514	0.8552836	0.83567363	0.8604068	0.8368703	0.85805255	0.835956	0.8473088	0.8463697	0.8495915	0.83011657	0.84903324	0.8165127	0.75878304	0.88353586	0.843546	0.93113494	0.87298775	0.77708673	0.8071642	0.89632714	0.6900642	0.8465426	0.8593765	0.87204695	0.8483527	0.8697888	0.8879812	0.8968827	0.8539925	0.8151788	0.8120872	0.86099356	0.81897	0.83491856	0.88959104	0.87321675	0.8672954	0.80835617	0.8482214	0.87012386	0.82401806	0.85485184	0.87989914	0.8762387	0.81042933	0.79354495	0.84417045	0.8259028	0.8658323	0.8506679	0.8177293	0.86218596	0.8862265	0.8403988	0.8559798	0.75380135	0.8936326	0.8550429	0.8679138	0.8339041	0.84401584	0.7798884	0.7960285	0.7803145	0.78908664	0.7344385	0.8068561	0.8398126	0.7949114	0.83205646	0.8499401	0.8746959	0.7886732	0.88255227	0.8310905	0.8481273	0.88039315
MS.1.9.lemma20.023	0.840159	0.8807925	0.82181925	0.77374023	0.7968166	0.7756622	0.85807395	0.83704597	0.790657	0.8384197	0.78180903	0.84945154	0.81692606	0.90566075	0.9300654	0.93567896	0.9486167	0.93547845	0.945815	0.96749026	0.9682628	0.94395995	0.9422704	0.9458062	0.9465637	0.77220374	0.78621775	0.84575415	0.8545165	0.85578495	0.85717785	0.7463672	0.84867465	0.8633136	0.66641283	0.8765388	0.8801864	0.86659783	0.82451075	0.831981	0.8257143	0.8567039	0.83154655	0.7973961	0.80872726	0.8162788	0.8167205	0.80710566	0.83855236	0.84188884	0.8259385	0.78565645	0.81782216	0.8233454	0.7768844	0.8212455	0.81973046	0.80062	0.8354737	0.7782708	0.83931065	0.8186757	0.8290394	0.8533417	0.761641	0.82231236	0.8174502	0.79983515	0.81258047	0.7616294	0.81446224	0.82812196	0.82095575	0.80585134	0.81783247	0.7530716	0.811848	0.7729045	0.8055815	0.7499663	0.79692316	0.84828186	0.76068914	0.7917757	0.79458785	0.809903	0.7759878	0.8293036	0.8196249	0.77495533	0.8416796
MS.1.9.lemma20.024	0.8470493	0.8773607	0.85968786	0.87289643	0.8322374	0.793344	0.8665795	0.83194447	0.8032452	0.8525795	0.7989358	0.8801339	0.8574411	0.9171392	0.9542792	0.93476593	0.9616643	0.9365929	0.96209127	0.946895	0.96693456	0.9716647	0.9752364	0.94314486	0.9604971	0.78961176	0.78566843	0.8656663	0.87820345	0.89184505	0.86943305	0.7353806	0.8702941	0.8891219	0.6901524	0.87320596	0.87501657	0.8637737	0.8317948	0.8428737	0.83747697	0.90618443	0.84904194	0.78224075	0.7921448	0.84510696	0.8147111	0.8704669	0.86328304	0.8604656	0.83241546	0.83370364	0.840265	0.84638	0.83060473	0.8447515	0.8402232	0.8427478	0.83764285	0.7866258	0.85770476	0.8534635	0.8903021	0.8671697	0.77310884	0.8628462	0.8475373	0.8323056	0.8560877	0.7919884	0.8699556	0.87520355	0.8009401	0.8202152	0.8728444	0.7685897	0.8616853	0.7988436	0.824857	0.81688154	0.8167846	0.8829204	0.82713616	0.84892654	0.7998053	0.8018851	0.80338365	0.8869518	0.83827	0.8100762	0.8670609
MS.1.9.lemma20.025	0.8538855	0.830648	0.8037525	0.7844458	0.8255707	0.8420341	0.8733143	0.7969171	0.8650347	0.8096134	0.85518074	0.8233674	0.8927425	0.79527676	0.8332893	0.8124481	0.8410538	0.8182177	0.840712	0.80760205	0.8272329	0.8290025	0.8297122	0.80676943	0.82792026	0.83566827	0.763847	0.8862265	0.85697985	0.9059667	0.8539924	0.7674349	0.8068634	0.88348097	0.6877067	0.8447234	0.85285485	0.86604863	0.8599081	0.8694941	0.8612298	0.8863496	0.82728666	0.82090443	0.81809855	0.8523177	0.82668906	0.8195573	0.8526166	0.8498596	0.83374655	0.7807229	0.7865652	0.8449048	0.7983339	0.8038972	0.8497977	0.85568714	0.8306642	0.7959381	0.8613774	0.82811326	0.852996	0.82624346	0.7990149	0.8530576	0.86063683	0.81053346	0.8467042	0.7638315	0.86304855	0.8321986	0.86472833	0.8219234	0.82390094	0.7608126	0.80080825	0.76422817	0.7911577	0.7351798	0.7848725	0.83690876	0.78762513	0.83130765	0.84077615	0.86561304	0.79486674	0.8586048	0.8391596	0.8270436	0.8774467
MS.1.9.lemma20.026	0.85542244	0.89311075	0.8403643	0.8258105	0.81421226	0.7906819	0.8838653	0.85090977	0.81014097	0.868275	0.7984512	0.885824	0.8359652	0.92697626	0.96178097	0.9478712	0.9730169	0.95215005	0.9749728	0.9616386	0.97881806	0.9817474	0.9913054	0.96673036	0.9786913	0.80750716	0.8198698	0.8673374	0.89184344	0.88891697	0.8760822	0.74336344	0.8819686	0.8947867	0.6869891	0.88997203	0.89769757	0.8783992	0.84246755	0.85460716	0.8413887	0.8847729	0.8474294	0.812431	0.8181603	0.8471107	0.81162757	0.8528952	0.86347777	0.8554988	0.8424942	0.8107863	0.837098	0.85037476	0.8040942	0.8437147	0.8403865	0.8315443	0.858032	0.80168545	0.86733073	0.8482085	0.8786199	0.8820116	0.77164006	0.8595467	0.84758645	0.81929076	0.85375166	0.79785395	0.84996015	0.8553966	0.8112054	0.8356486	0.86486316	0.7794109	0.85530245	0.7980369	0.83359647	0.80251026	0.8218179	0.8721304	0.8060431	0.82927454	0.8081172	0.8217238	0.8146422	0.86212623	0.8443197	0.78811437	0.8543969
MS.1.9.lemma20.027	0.7357132	0.79483116	0.7226662	0.71192235	0.7863325	0.76672995	0.8441104	0.76697046	0.7488136	0.8021894	0.75267124	0.7979405	0.81816167	0.78207237	0.8122086	0.77079135	0.8056882	0.78648376	0.8068431	0.78012365	0.8058448	0.79732186	0.81013083	0.79721117	0.8076768	0.9521397	0.92419505	0.8782441	0.84078664	0.827468	0.7930486	0.6823386	0.79328096	0.8261766	0.66392326	0.79090726	0.8004844	0.817587	0.8202838	0.80408925	0.8151497	0.794579	0.75319594	0.82876265	0.8078722	0.8383517	0.84456545	0.7718927	0.7937913	0.768091	0.76648736	0.7183867	0.7094002	0.78273183	0.72727376	0.737833	0.7590473	0.7973052	0.7955185	0.76018876	0.8257917	0.7523907	0.78351563	0.7852812	0.6770986	0.7871692	0.80000037	0.7210489	0.7811535	0.742306	0.78317046	0.7459984	0.76911944	0.8031675	0.8006591	0.75592726	0.7949743	0.73691165	0.7872489	0.74535567	0.764803	0.79037327	0.71995425	0.80210644	0.77972925	0.809492	0.80641484	0.7867097	0.78495127	0.7487655	0.8301595
MS.1.9.lemma20.028	0.80077314	0.8388064	0.79271173	0.81523937	0.8314716	0.8138647	0.8536363	0.7554231	0.79944426	0.8358009	0.8154541	0.8521671	0.8969197	0.8213405	0.8538508	0.79294676	0.834723	0.81040215	0.8369125	0.80898005	0.83744246	0.8240368	0.83570707	0.8234103	0.84448314	0.7807615	0.7565564	0.96419585	0.8869138	0.8494041	0.85676754	0.76443404	0.8556235	0.9118905	0.73868513	0.83708835	0.82426846	0.8497873	0.8559655	0.85322183	0.86234105	0.85286826	0.7991777	0.8109149	0.8183838	0.8751416	0.86864144	0.87899613	0.88550824	0.84453213	0.8094688	0.8116424	0.8162301	0.837195	0.8135129	0.83830804	0.82397866	0.86059886	0.85573864	0.8414877	0.8554305	0.82651883	0.8586256	0.8512412	0.7658605	0.86102533	0.88308954	0.80702895	0.8518976	0.82216626	0.8661161	0.82741237	0.8314238	0.8478412	0.86635077	0.805714	0.8504789	0.7951369	0.84311855	0.79049987	0.81481683	0.8607766	0.80227745	0.85175395	0.8023332	0.8695552	0.84222645	0.84434575	0.86863667	0.80082273	0.88064706
MS.1.9.lemma20.029	0.90830344	0.8907263	0.8713979	0.84852034	0.851737	0.8223895	0.91200215	0.83286816	0.92385215	0.87613165	0.92905706	0.8978407	0.8784317	0.8618027	0.88794035	0.86851496	0.8882475	0.8656974	0.8838727	0.8694319	0.87996674	0.8875951	0.88425386	0.88206565	0.8877616	0.8129297	0.79534143	0.8964009	0.8756334	0.96027714	0.95431185	0.8633636	0.88238925	0.9265548	0.74485046	0.8822858	0.86544365	0.89589995	0.8773744	0.8985716	0.8983972	0.919921	0.8893798	0.84614253	0.82295555	0.8872921	0.84357524	0.8946037	0.91722137	0.91028666	0.91133827	0.8644231	0.8941524	0.92331094	0.85676026	0.8928306	0.9044432	0.9098636	0.89247346	0.87985826	0.880175	0.8744661	0.9132263	0.91166264	0.8703742	0.9145772	0.9025799	0.8337706	0.87217563	0.81449467	0.9179958	0.8819344	0.8612102	0.8600628	0.887104	0.7921791	0.85344034	0.80414075	0.8418652	0.80003184	0.84126735	0.8997484	0.84678566	0.8822005	0.89156646	0.888072	0.830424	0.9033342	0.89768845	0.86334467	0.9017552
MS.1.9.lemma20.030	0.88451904	0.73652923	0.755956	0.73198843	0.72933006	0.6398881	0.7271973	0.679452	0.87120074	0.70881873	0.8969287	0.7482894	0.76935863	0.70597625	0.71138984	0.7156562	0.71226376	0.6981582	0.7001426	0.723815	0.710098	0.738282	0.70730937	0.7117183	0.69708955	0.62735045	0.59416306	0.74565995	0.67191046	0.76826376	0.825087	0.99087465	0.7163053	0.7921528	0.7966766	0.8205062	0.7747868	0.7922791	0.7371229	0.7853541	0.7647948	0.7837137	0.7821623	0.69506276	0.66783136	0.7446962	0.75506717	0.7772635	0.8002654	0.84241456	0.7892563	0.812562	0.8212004	0.83159435	0.7950262	0.81681234	0.84423494	0.8168665	0.77332836	0.79510105	0.7232372	0.8173333	0.8195558	0.8156641	0.87249446	0.802492	0.75290745	0.7213681	0.76839775	0.6928693	0.80683005	0.77873147	0.77157104	0.73095083	0.80281407	0.7234681	0.77255535	0.7953753	0.77494353	0.69748944	0.8012569	0.819018	0.7823138	0.7444098	0.7741313	0.72631615	0.6880147	0.8062768	0.7659722	0.80982023	0.771935
MS.1.9.lemma20.031	0.87035483	0.8893178	0.8439613	0.8180596	0.8460765	0.8114673	0.91693413	0.8305119	0.87837076	0.9246633	0.87410676	0.929124	0.8538037	0.85566866	0.8792408	0.8754719	0.89143455	0.88178325	0.8879174	0.8722486	0.87900954	0.88606787	0.8821522	0.8938379	0.89112765	0.78589714	0.8276408	0.8874329	0.89067334	0.91206807	0.9220068	0.792212	0.9385027	0.9139445	0.7263149	0.85877776	0.866678	0.87204003	0.8685775	0.89250314	0.85175467	0.8760299	0.84362733	0.8416611	0.8177963	0.8797469	0.8304916	0.8595898	0.892764	0.8748214	0.900555	0.8220894	0.8627732	0.89694315	0.8092967	0.8697398	0.86452454	0.86387664	0.8834273	0.8747438	0.87688	0.82044977	0.85900044	0.8968779	0.80352044	0.8866234	0.88966817	0.8503508	0.84822094	0.8068597	0.88392603	0.82892334	0.838965	0.8584347	0.88399035	0.79459435	0.8765346	0.78179675	0.84394497	0.8374709	0.81153035	0.87927216	0.8102177	0.8584948	0.87190175	0.8771949	0.82138133	0.8586362	0.895972	0.8105667	0.8609628
MS.1.9.lemma20.032	0.89965945	0.8864002	0.9107175	0.8768798	0.8621839	0.8281264	0.8947197	0.82916266	0.89835626	0.85411924	0.90269774	0.877408	0.8733017	0.857246	0.8846399	0.86176914	0.88059497	0.86047566	0.8776894	0.8602243	0.8725457	0.8767848	0.8747193	0.878455	0.8841182	0.77048475	0.735191	0.8816427	0.8417593	0.92005014	0.92508686	0.8573381	0.880733	0.95706624	0.7622736	0.8705411	0.85839784	0.8801808	0.8563803	0.8891002	0.8878488	0.9103894	0.89447856	0.83412826	0.82618165	0.8781831	0.8597631	0.9016521	0.9327268	0.91820896	0.91190493	0.8912742	0.9225848	0.9230084	0.88903254	0.9325062	0.9186804	0.9033365	0.8570477	0.88147396	0.8720939	0.86627793	0.9180404	0.9007277	0.862387	0.8977084	0.9324977	0.87527883	0.88562196	0.8094421	0.93055445	0.8960717	0.8615435	0.86387604	0.89010334	0.8209034	0.8543385	0.8371981	0.859233	0.7927354	0.8708464	0.88770586	0.8256811	0.86297643	0.8346212	0.8981292	0.82707596	0.88438696	0.87747514	0.851227	0.892606
MS.1.9.lemma20.033	0.8867281	0.85643375	0.7896217	0.75954676	0.77493715	0.73655266	0.81835175	0.75442517	0.8289624	0.8355513	0.86333984	0.8625105	0.841298	0.766988	0.79214555	0.7884624	0.7969408	0.78612703	0.79661226	0.790785	0.7981592	0.8261779	0.8100843	0.80958664	0.797452	0.71426046	0.70469826	0.8268569	0.767516	0.7930002	0.8731808	0.86989987	0.85680586	0.84670204	0.9333017	0.94210136	0.86076975	0.8709341	0.81163955	0.869277	0.8392267	0.833842	0.83692247	0.7963508	0.72305363	0.8138801	0.8513035	0.8483425	0.85687304	0.88822407	0.819126	0.8571757	0.84018433	0.8699344	0.8417257	0.85820156	0.86400175	0.87330884	0.8752267	0.8756061	0.8814458	0.86625946	0.8433864	0.88162297	0.82049996	0.8778737	0.8131375	0.7564607	0.8484405	0.84860045	0.8174899	0.8078799	0.8421504	0.8496595	0.8839166	0.86674225	0.8983598	0.8951828	0.91209555	0.8034456	0.8850376	0.8956422	0.84903777	0.83785075	0.8185913	0.78380126	0.8508522	0.8244012	0.8677067	0.8086272	0.78031063
MS.1.9.lemma20.034	0.89152974	0.88285935	0.837666	0.8203529	0.8248517	0.8101434	0.8962486	0.83538413	0.8569907	0.8583893	0.86055577	0.8849431	0.8643111	0.8447781	0.9024784	0.86700785	0.91048175	0.86897653	0.90931195	0.87097824	0.9086837	0.88971126	0.912931	0.87308955	0.9051562	0.8092631	0.7864745	0.9007476	0.875828	0.8914881	0.8999473	0.8245342	0.8745137	0.9210122	0.7912624	0.9698712	0.9759945	0.926833	0.89013475	0.90079814	0.920094	0.8954742	0.85440266	0.83153975	0.8219622	0.8630373	0.84892863	0.8829161	0.9083811	0.8983997	0.8461719	0.8341909	0.85205406	0.87176234	0.83589363	0.8702425	0.8685515	0.87937504	0.89859176	0.85399103	0.9143123	0.8681164	0.8862683	0.8912716	0.81635857	0.90206164	0.86837626	0.8229091	0.8904066	0.82743686	0.8636328	0.86767143	0.8804775	0.86984605	0.8939345	0.82805365	0.890229	0.85218835	0.8796825	0.8148656	0.8599824	0.9052141	0.81468993	0.86996293	0.84634906	0.8747113	0.85782725	0.8908626	0.8934509	0.8272069	0.8754579
MS.1.9.lemma20.035	0.8862727	0.89864117	0.7933966	0.77150196	0.8082685	0.8354929	0.9037574	0.796903	0.8417697	0.86916727	0.83340967	0.87772405	0.86400825	0.83057743	0.8760446	0.83522004	0.8769682	0.84889835	0.88113415	0.8549568	0.8854366	0.8687331	0.88476396	0.8553948	0.8809281	0.8031153	0.79181355	0.89794517	0.86881155	0.87234205	0.88664925	0.8285013	0.87814003	0.8965102	0.7530376	0.916725	0.92679363	1.0000001	0.85721755	0.885986	0.8757024	0.8628478	0.83929706	0.83172023	0.8530673	0.86124086	0.82667005	0.84078085	0.8731784	0.852932	0.83016956	0.7969104	0.8017713	0.83861405	0.79579085	0.8092188	0.8423474	0.8495194	0.8837563	0.830992	0.88413477	0.825039	0.87197155	0.8849664	0.81161106	0.8741622	0.8538535	0.7954194	0.8484656	0.8228534	0.84786105	0.843687	0.86183375	0.8550952	0.85771275	0.8079449	0.8638823	0.8087764	0.85212994	0.7914449	0.8171451	0.86024255	0.8706113	0.8410322	0.8355301	0.8621105	0.8225722	0.8650625	0.8880758	0.7866784	0.8733419
MS.1.9.lemma20.036	0.8095639	0.85764134	0.79965925	0.77222294	0.82681555	0.84201944	0.90558445	0.7710574	0.8092438	0.88048166	0.7939778	0.88019586	0.84048796	0.80742973	0.85425293	0.8114533	0.8416461	0.8195046	0.8451328	0.807137	0.83830637	0.82128	0.8376015	0.8218133	0.8347067	0.8086475	0.7742223	0.87841564	0.8854211	0.83365494	0.85054195	0.76486444	0.86898077	0.8766888	0.73354214	0.8584471	0.8356588	0.84276676	0.98298544	0.89532626	0.8423666	0.86236227	0.799243	0.82531065	0.8334569	0.8698608	0.851602	0.86917925	0.8650344	0.83044475	0.8227046	0.77151775	0.7772415	0.8490652	0.7618984	0.7955949	0.81852764	0.8361656	0.9301994	0.8904785	0.9171254	0.8478604	0.83784735	0.8425815	0.75726706	0.8795319	0.85778576	0.7615984	0.8617185	0.83647555	0.82090247	0.79117656	0.8222251	0.8508628	0.8398001	0.808392	0.85578024	0.7783256	0.8557852	0.79514664	0.8020161	0.8550339	0.77306205	0.84511966	0.8345176	0.8728109	0.8578929	0.8396329	0.888704	0.80075276	0.8584423
MS.1.9.lemma20.037	0.8495604	0.84781003	0.80070233	0.7828335	0.78241223	0.79337883	0.83269614	0.8013497	0.831518	0.8426898	0.85832715	0.86262065	0.8685792	0.80188316	0.82023585	0.81352305	0.81594115	0.80979836	0.81038964	0.79895675	0.80089164	0.8129095	0.8084954	0.82237643	0.81220406	0.731915	0.71905035	0.83482575	0.77793795	0.8272414	0.85368675	0.791377	0.84797746	0.8533042	0.81139964	0.850498	0.8056514	0.82998675	0.81965846	0.9739811	0.8402065	0.8355883	0.8181286	0.7901773	0.7442943	0.82784194	0.83696806	0.83294183	0.8458888	0.8700276	0.8511865	0.8518175	0.8357526	0.8624134	0.82401466	0.8355195	0.84348845	0.8708885	0.84636396	0.8622406	0.87559634	0.85304224	0.83434504	0.87942344	0.78796023	0.8912962	0.85183966	0.793647	0.8606188	0.8282205	0.8407986	0.8251878	0.7985104	0.84107894	0.8505011	0.8189111	0.8374155	0.8075044	0.8551805	0.76250136	0.82391125	0.8663825	0.80013627	0.8570368	0.91006494	0.8155285	0.8422357	0.8410529	0.883315	0.8172483	0.7876857
MS.1.9.lemma20.038	0.8835402	0.8900901	0.8775185	0.8633222	0.83882993	0.83171064	0.8999165	0.86753213	0.87407833	0.8403745	0.86920136	0.8676734	0.8691692	0.86110914	0.90750104	0.8742697	0.9083893	0.87516487	0.90691894	0.87498903	0.90321213	0.8806547	0.9003862	0.878416	0.90152043	0.8290044	0.7788362	0.9011574	0.86223584	0.9315426	0.9076491	0.79417753	0.856033	0.9310343	0.75964767	0.9077171	0.89101183	0.89615184	0.8803627	0.90200233	0.94657964	0.9316318	0.9008297	0.8346944	0.8383455	0.88417774	0.8740645	0.90807986	0.9411332	0.9227623	0.8853213	0.8777759	0.89988935	0.90560555	0.8884736	0.9127777	0.91526437	0.9190307	0.87401885	0.84343666	0.907683	0.86870044	0.90101725	0.8795849	0.83702505	0.91254586	0.904852	0.87526315	0.88963026	0.8057634	0.90893966	0.92407864	0.89315575	0.8713581	0.89392585	0.82835	0.8577153	0.85387224	0.8634775	0.791283	0.8830856	0.8993919	0.8100362	0.8707376	0.8307287	0.876596	0.86222386	0.91730934	0.87673336	0.8680812	0.89731246
MS.1.9.lemma20.039	0.7762036	0.8144557	0.7871598	0.7756265	0.7433412	0.804079	0.8203848	0.7536058	0.7838548	0.7868772	0.7941036	0.8249382	0.8153348	0.7480581	0.78464764	0.75751144	0.7947228	0.7503026	0.7806371	0.7468608	0.7753176	0.7648402	0.7813457	0.7660304	0.7871829	0.78751636	0.7154655	0.8608415	0.7681847	0.8574454	0.8292567	0.7411578	0.8014227	0.8459256	0.76620764	0.84166825	0.786376	0.8415606	0.7963356	0.8318368	0.9510597	0.80973285	0.78666794	0.8034376	0.75559336	0.85278916	0.8072386	0.83113676	0.8747279	0.83695513	0.82660323	0.82832175	0.83934426	0.81355786	0.8085592	0.8298082	0.81000817	0.92040724	0.7985035	0.79109824	0.8312683	0.7868492	0.80341375	0.81369644	0.71980405	0.8575415	0.84483755	0.7408757	0.80812865	0.75495195	0.8375889	0.8285567	0.8008111	0.8127208	0.8201376	0.8151709	0.7968461	0.8079046	0.8111835	0.72753084	0.8211887	0.79968995	0.745363	0.9155323	0.8154606	0.8242327	0.8933682	0.81972194	0.8401428	0.7655793	0.82089543
MS.1.9.lemma20.040	0.905422	0.86977047	0.8803631	0.8875451	0.83383423	0.81450456	0.8473876	0.8154273	0.8861939	0.81372845	0.90014094	0.8377362	0.8892502	0.8272826	0.85278666	0.83880556	0.850944	0.8348874	0.8474634	0.82939017	0.838625	0.85900444	0.84904474	0.8451752	0.84273624	0.7790066	0.71791524	0.88308275	0.815632	0.9093848	0.8904516	0.8451124	0.82697606	0.9166678	0.8336006	0.8848226	0.8279238	0.8507948	0.8306449	0.8721712	0.8911444	0.9269249	0.9212628	0.82811636	0.7847878	0.86948425	0.8695537	0.9068819	0.9292975	0.9515415	0.89706475	0.924504	0.92277175	0.9422505	0.9274877	0.9315955	0.95661896	0.9235999	0.83865166	0.8386109	0.87136775	0.8928796	0.91494817	0.8918186	0.8964076	0.9208033	0.9053081	0.8574302	0.8795487	0.80888605	0.92447543	0.9066189	0.88780797	0.8942357	0.93086445	0.8739027	0.8891767	0.91309994	0.91014165	0.80925995	0.9370771	0.90483093	0.84589595	0.8835269	0.825538	0.8461977	0.84437007	0.90546316	0.8745849	0.8985663	0.87644136
MS.1.9.lemma20.041	0.9032265	0.8766935	0.9042603	0.9094013	0.8507639	0.8157936	0.8529688	0.8336358	0.8894717	0.8172765	0.8954099	0.8370171	0.8757247	0.8229969	0.8497723	0.8380092	0.8513982	0.83926976	0.8484906	0.8339766	0.8393585	0.86011183	0.84849495	0.8545461	0.847559	0.7710377	0.70893323	0.87029713	0.8083425	0.902596	0.88563335	0.8457965	0.8260417	0.92408156	0.8087932	0.8601286	0.82290107	0.8442637	0.82567036	0.8734494	0.8813352	0.9203342	0.9379204	0.8378562	0.7940803	0.87458193	0.8723557	0.9118396	0.929339	0.9569253	0.91856873	0.94794506	0.93477523	0.9545414	0.9432005	0.9354641	0.9709591	0.9197274	0.84040946	0.8421824	0.8642163	0.8901195	0.91536623	0.9059021	0.9079699	0.92309225	0.91320735	0.8612867	0.87100035	0.78699374	0.9345804	0.9172138	0.8844094	0.89088047	0.921613	0.86986464	0.8737093	0.9021443	0.899442	0.7988261	0.9314761	0.89190125	0.8481948	0.8620035	0.82548183	0.84551525	0.82549787	0.8892543	0.87633836	0.88831615	0.87726706
MS.1.9.lemma20.042	0.87969035	0.8591519	0.8802345	0.8942821	0.8299169	0.80564344	0.83343	0.81135005	0.86397445	0.79343367	0.8822606	0.81583846	0.86677945	0.8053802	0.8267218	0.81184953	0.82257456	0.8165636	0.8234629	0.8110552	0.8150171	0.8366815	0.8247417	0.83597904	0.8244216	0.76160586	0.6957593	0.85777843	0.78119874	0.87655896	0.86763036	0.8327537	0.80552423	0.9080244	0.84715974	0.8561478	0.80170625	0.82356733	0.8127545	0.8694969	0.8837224	0.91502136	0.92637604	0.8274705	0.7771586	0.86428285	0.8804153	0.9064982	0.92089194	0.94987106	0.89636374	0.94909865	0.9243817	0.9425715	0.94659364	0.9293127	0.9602191	0.92159456	0.82751435	0.8354773	0.8672917	0.8881885	0.89901125	0.8816324	0.88881284	0.91202193	0.90074134	0.83965605	0.870249	0.80625767	0.91615546	0.90375775	0.8796727	0.8870394	0.9191437	0.8873724	0.875634	0.9257796	0.92183775	0.79514027	0.9572051	0.8912238	0.82729673	0.8602531	0.805915	0.8250541	0.84965426	0.8752764	0.8601872	0.8823086	0.85633487
MS.1.9.lemma20.043	0.9006049	0.8523865	0.8915856	0.87793696	0.832213	0.8201816	0.8367596	0.816165	0.894183	0.7987568	0.90225524	0.8219337	0.8719253	0.8190127	0.8326241	0.8248662	0.82920855	0.82348734	0.82474303	0.8212738	0.81810534	0.8352269	0.82175577	0.8317377	0.82153684	0.7617718	0.71033996	0.8551512	0.7785455	0.89693934	0.8724404	0.83505416	0.8111067	0.8920324	0.8215824	0.84121877	0.8044502	0.8548885	0.79749566	0.86360294	0.89310473	0.90470743	0.9051826	0.8191075	0.7823173	0.8687461	0.8488468	0.870488	0.9131534	0.9296676	0.91699994	0.9208927	0.9250936	0.93659955	0.9189424	0.9249057	0.9544055	0.91648936	0.7950716	0.8238424	0.83457714	0.85025054	0.89166874	0.887567	0.8799424	0.90225136	0.90653586	0.84637386	0.86398506	0.76307935	0.9235251	0.888896	0.8547184	0.87509364	0.9121265	0.87201846	0.85882187	0.8964333	0.8791747	0.7865192	0.9194512	0.86425185	0.83493525	0.85719633	0.835225	0.8335708	0.82249916	0.88031965	0.84289324	0.8793995	0.85133636
MS.1.9.lemma20.044	0.8649596	0.85896313	0.8076701	0.791896	0.8008333	0.77694726	0.8305713	0.7978147	0.8233553	0.83023757	0.85788125	0.8497731	0.8554576	0.78346765	0.8090484	0.7928386	0.80147	0.7882978	0.79938054	0.7859139	0.79181963	0.81855345	0.8015274	0.81745	0.7985852	0.7198354	0.70482796	0.846744	0.78001875	0.8153743	0.8699645	0.82744926	0.84573317	0.8631686	0.879025	0.8861492	0.81506044	0.8229475	0.82601637	0.8839228	0.840186	0.85616106	0.8644899	0.8083248	0.75046146	0.8386427	0.8791397	0.8899939	0.8850859	0.8951973	0.8493993	0.87732565	0.85980153	0.90174913	0.8578223	0.8737788	0.88229805	0.8732488	0.8869048	0.9172284	0.8931844	0.8640348	0.8521043	0.8855412	0.8411737	0.88669914	0.8547065	0.80158633	0.8855496	0.8770917	0.85378164	0.8155048	0.8506345	0.89486754	0.9031484	0.87923086	0.88438845	0.86063653	0.9091614	0.8005196	0.87707937	0.8894708	0.8418896	0.83744836	0.84365433	0.8049625	0.84649503	0.82841825	0.8736879	0.82345885	0.8015842
MS.1.9.lemma20.045	0.87173915	0.8322886	0.8370991	0.81321657	0.8208752	0.82459295	0.8803858	0.81975347	0.9135332	0.8491274	0.89521277	0.84373844	0.8599315	0.8031675	0.82503915	0.8068904	0.8217498	0.8079286	0.81863654	0.8033161	0.8053596	0.82835853	0.8173262	0.8313861	0.823226	0.75894266	0.7504734	0.85744274	0.81788033	0.86752087	0.88734525	0.832906	0.84208	0.89129496	0.84590524	0.8601071	0.82947224	0.83834064	0.8420526	0.88429374	0.8861078	0.85574996	0.8477532	0.8784066	0.77029634	0.9215002	0.8669487	0.89672494	0.913845	0.90832216	0.9374937	0.8835318	0.88230544	0.9589108	0.87377435	0.8933516	0.927478	0.8928982	0.87365866	0.91248965	0.8811865	0.8432629	0.85572267	0.901953	0.83669144	0.904719	0.9163998	0.80776954	0.90181404	0.8476354	0.9016609	0.841734	0.8521629	0.8923303	0.89970523	0.8709299	0.8670925	0.8582193	0.88817203	0.7791254	0.87319773	0.86864066	0.83211356	0.84826493	0.84822613	0.8749649	0.8376403	0.84101063	0.9010438	0.8363706	0.83448136
MS.1.9.lemma20.046	0.8512346	0.84619755	0.8539894	0.89287466	0.83801484	0.8089542	0.8220433	0.8148521	0.8165088	0.7678684	0.8358875	0.79696256	0.86169046	0.7690074	0.79941463	0.78801155	0.80242836	0.7917143	0.799361	0.7811939	0.78965676	0.8073908	0.7949986	0.7994739	0.7937121	0.72705084	0.6655825	0.83025724	0.75720453	0.8313857	0.85026544	0.7815809	0.78462195	0.86956143	0.8232114	0.84696203	0.78929543	0.8053244	0.7747899	0.8586445	0.8497551	0.8562698	0.8800179	0.7900726	0.7306797	0.848849	0.8820093	0.88200945	0.88483125	0.89911824	0.8479864	0.96051013	0.85929173	0.8807732	0.97146976	0.8827564	0.8889284	0.882821	0.8283282	0.8135086	0.8506144	0.8418571	0.8602007	0.85073495	0.79965866	0.8790911	0.8800676	0.84251285	0.8388738	0.76859206	0.8964213	0.90032977	0.8582445	0.88008755	0.87012297	0.87238044	0.8534264	0.85147506	0.8936766	0.77459896	0.86481434	0.8724945	0.82275623	0.84248453	0.7963447	0.8093781	0.80650437	0.82808757	0.8499432	0.8346212	0.83043635
MS.1.9.lemma20.047	0.88801783	0.8199683	0.8642792	0.84278166	0.8277329	0.8024095	0.8290261	0.796096	0.8737804	0.80559313	0.906844	0.87608767	0.84807026	0.8102501	0.83314323	0.8210351	0.831675	0.81223094	0.822473	0.80400085	0.81360024	0.8394823	0.8258478	0.82710356	0.8251783	0.75291324	0.7134728	0.84809107	0.78586364	0.8971591	0.8902692	0.8500456	0.83030057	0.8878473	0.8324496	0.8787637	0.8163908	0.8137769	0.8274091	0.86801225	0.9055445	0.8792057	0.8523462	0.8030338	0.73155755	0.85810715	0.8473083	0.8944737	0.9337352	0.91740185	0.89155215	0.91250885	0.9472733	0.9118777	0.89058393	0.9506605	0.91680807	0.95537573	0.8512897	0.8673089	0.85054576	0.87737495	0.8689661	0.8999347	0.8384956	0.91150624	0.88815004	0.81578547	0.88148016	0.7861274	0.9192665	0.8804962	0.83118135	0.837324	0.90034455	0.8301407	0.866641	0.8651072	0.85677594	0.8016413	0.88087195	0.8910622	0.8084618	0.8958444	0.86391604	0.85651493	0.84558135	0.8635913	0.8705374	0.8607981	0.84014887
MS.1.9.lemma20.048	0.8659399	0.8612712	0.8182305	0.80829453	0.8026331	0.7705637	0.8240382	0.78878534	0.8243729	0.83178926	0.8634262	0.8588267	0.85890883	0.7881544	0.8117571	0.79503316	0.8036248	0.7914947	0.80079484	0.7900337	0.7936944	0.825522	0.8054398	0.8205136	0.8008301	0.72148794	0.7061134	0.852565	0.77761805	0.82521045	0.86873245	0.83394176	0.8499059	0.8684237	0.865464	0.8812685	0.8121266	0.81729794	0.8175149	0.8764706	0.84188575	0.86388415	0.87010777	0.796227	0.7471153	0.83685493	0.879277	0.8958785	0.8894034	0.9027611	0.85080016	0.8838649	0.8731926	0.897751	0.86136454	0.8824157	0.88412	0.877954	0.8794547	0.9104219	0.8759	0.87280214	0.86057675	0.8968474	0.8528575	0.8901526	0.85845476	0.8045014	0.88164824	0.85770965	0.8618074	0.8232695	0.84607315	0.8937925	0.91594976	0.8751008	0.8916315	0.8566808	0.9023375	0.8213227	0.87656426	0.89172953	0.8469939	0.8460735	0.84460205	0.8060046	0.8441172	0.83138764	0.8726745	0.8254129	0.81227344
MS.1.9.lemma20.049	0.881756	0.80439454	0.8471431	0.81563413	0.8057429	0.7758233	0.8064365	0.7738591	0.85005236	0.809536	0.8980822	0.8675332	0.82603145	0.7875857	0.8108217	0.80512816	0.8108718	0.79868025	0.8039028	0.7899702	0.7942339	0.8228831	0.80461323	0.81261575	0.80431104	0.7148798	0.69052243	0.8186626	0.7649349	0.8502616	0.86939585	0.8662353	0.83019215	0.8623919	0.8695822	0.8754919	0.80152255	0.80623186	0.80702263	0.8767423	0.8643581	0.8623982	0.8296209	0.76848584	0.7077347	0.83881587	0.8313787	0.87719643	0.8915835	0.9125486	0.8851171	0.9127641	0.9217754	0.9047457	0.8677939	0.9095305	0.9030646	0.9186503	0.85790646	0.87014085	0.8480461	0.8847185	0.86160237	0.9092997	0.8498857	0.9013699	0.8493721	0.78348273	0.8627942	0.80338573	0.8832791	0.8637106	0.8036644	0.8238442	0.89943665	0.83219963	0.88587695	0.8856713	0.8748369	0.8138006	0.8882866	0.88200116	0.8170424	0.8603306	0.8619166	0.8142933	0.82558674	0.8393994	0.86710614	0.8326751	0.8112039
MS.1.9.lemma20.050	0.8665519	0.87170005	0.8275572	0.7945506	0.8191845	0.79101264	0.87815726	0.7756158	0.86083347	0.8505013	0.8762823	0.8703677	0.8705729	0.7989034	0.83769244	0.81191176	0.8390063	0.8245224	0.8454102	0.8129212	0.8352861	0.83058786	0.83359754	0.8289384	0.83533496	0.7671939	0.73452955	0.8808955	0.821997	0.8477266	0.87563705	0.8755838	0.8564371	0.9025546	0.8291938	0.9062075	0.85203075	0.8693227	0.88059044	0.90015775	0.8753475	0.8818707	0.86885136	0.8265178	0.8008389	0.86010194	0.9180042	0.87747884	0.87665045	0.9032626	0.8517026	0.87193793	0.84725106	0.88743436	0.8619732	0.8650865	0.88001525	0.8849144	0.90796494	0.94424164	0.9171725	0.8810944	0.87951505	0.8694995	0.8442404	0.90229595	0.8695005	0.7864899	0.8836988	0.85146797	0.8560914	0.8401678	0.8911972	0.8713305	0.88083977	0.84607184	0.88094854	0.8468199	0.8959819	0.8120229	0.87008965	0.9033183	0.83259237	0.85654855	0.83689415	0.859668	0.8642491	0.843375	0.8932225	0.83513695	0.85650915
MS.1.9.lemma20.051	0.77755034	0.885549	0.7819648	0.77805525	0.7856682	0.81361204	0.90066856	0.76598656	0.78039145	0.83969474	0.76968884	0.84790784	0.86339194	0.774552	0.8179927	0.78031063	0.81700015	0.8072709	0.8350785	0.7959227	0.82492775	0.80481905	0.822536	0.8059722	0.8272109	0.78860384	0.75693905	0.8817492	0.86194515	0.8415407	0.83150345	0.75485766	0.84327304	0.88494337	0.70096815	0.86684287	0.8478418	0.87739867	0.85836375	0.8735398	0.8379703	0.84750295	0.8277453	0.81922567	0.8565449	0.84441906	0.8774044	0.835561	0.8402159	0.84391755	0.7693568	0.785847	0.7396942	0.7896723	0.800262	0.7629121	0.7860684	0.8096715	0.86901957	0.8192649	0.8869812	0.8299464	0.8389163	0.8090816	0.74537987	0.8506182	0.8375566	0.776143	0.8205289	0.79465675	0.8083153	0.8334312	0.8852746	0.8703432	0.823231	0.80175966	0.845456	0.75646436	0.8567295	0.7891759	0.78434056	0.84356004	0.7976649	0.84618264	0.77765864	0.82841486	0.82429343	0.832849	0.87994003	0.77750176	0.86696345
MS.1.9.lemma20.052	0.88885725	0.9258441	0.87151986	0.8960592	0.8464378	0.83702236	0.87966955	0.8502181	0.8656069	0.8427188	0.8610931	0.85310876	0.89807475	0.8465866	0.86827564	0.8674791	0.8716173	0.8717696	0.87455857	0.8629214	0.8646303	0.87913615	0.8644417	0.8712824	0.86137426	0.7992467	0.7289448	0.87255025	0.8301726	0.90391916	0.8750475	0.7966892	0.8385747	0.9048037	0.7369364	0.8727287	0.8399117	0.8618507	0.8557298	0.87529385	0.8799474	0.9596826	0.95964366	0.82845104	0.8461676	0.8588108	0.8871701	0.9049263	0.90667415	0.9236823	0.86973876	0.8935092	0.8749997	0.8992725	0.90096706	0.8786851	0.91310406	0.88800377	0.8415348	0.8211588	0.89198565	0.89486736	0.9054747	0.8664518	0.8838169	0.89940226	0.8933426	0.8641676	0.8757665	0.8161048	0.89415556	0.89736843	0.93238664	0.8958267	0.8992315	0.8484865	0.8594771	0.8383733	0.8727504	0.8091649	0.8882215	0.89552146	0.8376215	0.88520885	0.82545775	0.83420247	0.85281926	0.8902161	0.8439056	0.8695527	0.89825785
MS.1.9.lemma20.053	0.8820407	0.92784727	0.84782916	0.8775464	0.8261568	0.8247534	0.8969157	0.84286714	0.86101234	0.8587132	0.8477797	0.8737253	0.8829391	0.85392845	0.8856772	0.8696951	0.889837	0.87958866	0.8961125	0.8726178	0.8860071	0.89863795	0.8952335	0.88622504	0.8894155	0.80765545	0.7657649	0.8803973	0.85735106	0.9114805	0.89233136	0.801003	0.8588634	0.91256225	0.7171359	0.86986864	0.8580856	0.89286727	0.8540202	0.87706584	0.87621695	0.9423527	0.9539156	0.83814055	0.8561412	0.85188115	0.8715641	0.90883267	0.91456926	0.903124	0.8624776	0.86969846	0.86822844	0.89331514	0.8771546	0.8741543	0.9105152	0.8829884	0.8678414	0.8326077	0.8895814	0.88127303	0.9199661	0.8732952	0.8796882	0.8985126	0.8942229	0.8582443	0.8835666	0.8064951	0.8885268	0.8899917	0.9098443	0.88659364	0.89669913	0.8263606	0.8582859	0.8213806	0.85952765	0.80975765	0.8686621	0.8902731	0.86596435	0.8737612	0.82745653	0.8434106	0.8348748	0.89462006	0.8554136	0.84497046	0.8857125
MS.1.9.lemma20.054	0.888438	0.8733064	0.820972	0.8208597	0.80688155	0.771672	0.8485611	0.826823	0.8265566	0.82928044	0.84278625	0.8525209	0.86146945	0.8161632	0.8385249	0.83391756	0.83910966	0.82766414	0.8338811	0.8195191	0.826063	0.8660887	0.8505002	0.8444323	0.8250543	0.777206	0.7363434	0.8483556	0.80216086	0.84529036	0.8616964	0.811891	0.8341315	0.85732114	0.834912	0.9095562	0.8446355	0.8436753	0.8498248	0.8853372	0.8442129	0.88556707	0.8800345	0.8023125	0.7609573	0.8342543	0.86099714	0.88630027	0.87432814	0.89366555	0.8212157	0.87770617	0.8383214	0.88252944	0.87505114	0.86220366	0.8767264	0.88765746	0.87446463	0.8584344	0.89233994	0.887454	0.8671866	0.8764865	0.8201291	0.89556444	0.8410738	0.7843052	0.8784655	0.84631854	0.8539598	0.8448412	0.85324496	0.8820634	0.90827763	0.8537452	0.8879486	0.85661244	0.89339393	0.8171274	0.8789339	0.9302329	0.84592193	0.86620694	0.843659	0.8066234	0.86588633	0.85723716	0.8584819	0.846562	0.8159896
MS.1.9.lemma20.055	0.8438658	0.74129766	0.8090019	0.74948204	0.83314776	0.7006652	0.767473	0.7149897	0.80338013	0.7654117	0.83256537	0.79221505	0.7850533	0.80998504	0.8046334	0.8029902	0.7776535	0.78733146	0.769694	0.7721763	0.7600297	0.7913344	0.7562404	0.77732414	0.74998534	0.6513146	0.63691974	0.75454456	0.7292792	0.76824266	0.82161045	0.7773419	0.7870568	0.7914066	0.82289606	0.81098133	0.74773425	0.7416028	0.7983149	0.80146223	0.7748774	0.838515	0.77397335	0.69853103	0.6843136	0.75210774	0.7772859	0.8206184	0.80914915	0.8410954	0.81843877	0.7940376	0.8052056	0.85811114	0.79454225	0.8374897	0.84667313	0.8324566	0.7913554	0.80556923	0.7963048	0.8120558	0.81678534	0.7940108	0.7669215	0.80508167	0.79646665	0.77011055	0.8660161	0.7525413	0.81352067	0.78430027	0.7460243	0.7507881	0.8488695	0.7591735	0.84592813	0.8468149	0.81400007	0.77533865	0.8368331	0.85681397	0.72608274	0.75714314	0.74544096	0.72960716	0.75439537	0.8100368	0.77489364	0.8188245	0.7625726
MS.1.9.lemma20.056	0.7896348	0.818237	0.8183333	0.8228076	0.8151877	0.86855185	0.9063732	0.8275131	0.84361947	0.8549439	0.8123273	0.8383017	0.8316581	0.824285	0.84211785	0.80780995	0.8273575	0.8185406	0.8287389	0.8163363	0.82006234	0.83083504	0.8309053	0.8387326	0.8363052	0.7978775	0.77890253	0.8437489	0.8482276	0.8574291	0.82313323	0.753747	0.83082193	0.8755006	0.69431865	0.8068366	0.8030586	0.82140696	0.8380597	0.8486984	0.8519732	0.84282786	0.7850401	0.88031644	0.83046085	0.97680205	0.82628155	0.85195905	0.8836813	0.82498413	0.89303404	0.82483244	0.8210057	0.88525325	0.81347233	0.82054555	0.8456464	0.84363294	0.8411717	0.8346505	0.86232996	0.7951281	0.82394993	0.8394692	0.7466322	0.8583842	0.8916633	0.7820384	0.8191536	0.80701524	0.8809566	0.8270705	0.78881073	0.85158235	0.8527155	0.8117515	0.8348212	0.7737666	0.8358041	0.7882459	0.81552535	0.82458794	0.80817205	0.87016743	0.81904143	0.8588303	0.8301391	0.80427116	0.8690063	0.76881236	0.854573
MS.1.9.lemma20.057	0.85735345	0.80799794	0.83975923	0.78434396	0.87900233	0.76843274	0.8312207	0.7633071	0.82828337	0.818635	0.84501356	0.8331661	0.8387448	0.8519705	0.8532035	0.8452251	0.8296396	0.8385692	0.82511175	0.8206281	0.81416374	0.83751	0.8095924	0.829396	0.8053905	0.7547823	0.737978	0.8121103	0.79617304	0.8146832	0.8445372	0.781531	0.8314476	0.8414664	0.8236476	0.8541651	0.7987856	0.793017	0.8532362	0.8388897	0.8278446	0.878249	0.8255003	0.78183	0.76021373	0.8122735	0.852225	0.8544646	0.8468604	0.8728498	0.8527655	0.82159233	0.822464	0.8859605	0.82432115	0.8568147	0.8697653	0.86347646	0.83335346	0.85430825	0.8545398	0.8370206	0.84359956	0.8266356	0.78011084	0.84309775	0.8430782	0.8001503	0.90222913	0.8006399	0.8443259	0.8167252	0.80971795	0.8195478	0.8871237	0.8139796	0.88653004	0.864403	0.8578822	0.82347465	0.86641437	0.8850789	0.75969344	0.810998	0.7803867	0.7853267	0.82221997	0.8425465	0.8193215	0.8475389	0.81504947
MS.1.9.lemma20.058	0.81215376	0.8857219	0.81892073	0.8247109	0.85156226	0.8861906	0.9269039	0.8162599	0.836358	0.8796308	0.7855627	0.85520524	0.83972	0.8469052	0.8655436	0.84536153	0.85453194	0.8587747	0.8634082	0.85298896	0.85604703	0.857047	0.8535429	0.87224746	0.8661231	0.818892	0.8011479	0.8541045	0.8975836	0.8639529	0.8354865	0.7472705	0.8532115	0.88639706	0.65369344	0.8346408	0.8280848	0.86457604	0.8757589	0.84114295	0.83507127	0.8830051	0.8484402	0.898364	0.9204997	0.90497994	0.8346975	0.8595749	0.88250893	0.8419933	0.8663519	0.7931809	0.8004299	0.86642814	0.79048663	0.7982803	0.8518563	0.8154511	0.85914314	0.81384647	0.8708088	0.8101164	0.833143	0.8325783	0.7856372	0.85957885	0.88721865	0.80613506	0.8307971	0.7994951	0.86228746	0.8382942	0.86489946	0.879713	0.8490223	0.80920637	0.85043126	0.7596839	0.84803927	0.80639136	0.8055139	0.83334744	0.7935074	0.860599	0.7846105	0.8723545	0.8311583	0.8489015	0.87427354	0.7931333	0.8857797
MS.1.9.lemma20.059	0.8626213	0.8540309	0.85894454	0.83286697	0.8830798	0.7930831	0.85491073	0.7987368	0.8356553	0.8289279	0.85746706	0.84678227	0.8871099	0.8525069	0.8548976	0.8431808	0.8323307	0.8465811	0.83075505	0.8286644	0.82317185	0.8462031	0.8183451	0.844338	0.81664956	0.77917033	0.7534557	0.8379644	0.79593766	0.8287878	0.86146855	0.79173523	0.83995044	0.8599888	0.8491904	0.8679603	0.800344	0.8105919	0.846309	0.86615294	0.85059375	0.89609176	0.8767755	0.7997958	0.765331	0.8404642	0.9288661	0.8799578	0.87379855	0.90126914	0.86260694	0.8919554	0.84338045	0.90222025	0.90261155	0.88268006	0.8920192	0.88575506	0.84365565	0.86105216	0.87537295	0.8554221	0.8603014	0.8455982	0.80427754	0.8781518	0.8701778	0.81441444	0.8944195	0.81739986	0.8682357	0.85355717	0.860635	0.8778731	0.9128788	0.8761354	0.9081814	0.885012	0.9125162	0.8460192	0.90134305	0.91002446	0.79844403	0.84649515	0.8048551	0.7958236	0.8509644	0.84352976	0.843802	0.8641712	0.83653116
MS.1.9.lemma20.060	0.86591715	0.8049359	0.8770242	0.87566173	0.8919943	0.79363155	0.82083154	0.80479884	0.82880336	0.79251814	0.85901517	0.82773864	0.83768266	0.8380477	0.847356	0.8384032	0.8304232	0.831029	0.8241047	0.8148646	0.81094205	0.8392012	0.81207585	0.81975585	0.80510896	0.7136494	0.6743365	0.82652855	0.7790232	0.836292	0.8538855	0.8011849	0.8135944	0.87224674	0.82154286	0.8514222	0.8003342	0.78566664	0.81689423	0.85195506	0.8509483	0.889591	0.83374465	0.7677905	0.7417172	0.8356453	0.8373464	0.88923925	0.8865572	0.8884251	0.86184627	0.9051521	0.8736465	0.8946633	0.90776795	0.9019848	0.88970274	0.8984919	0.8277642	0.8443607	0.85197914	0.85526174	0.87133044	0.8385604	0.79306096	0.8658275	0.88523185	0.8561646	0.8978669	0.79513186	0.9059645	0.8835749	0.8034109	0.8166483	0.8879507	0.8114112	0.869184	0.8637645	0.8538052	0.8003797	0.86652803	0.9031102	0.7943004	0.8440803	0.79629827	0.8073004	0.81637156	0.8563063	0.83544505	0.8586662	0.8360031
MS.1.9.lemma20.061	0.8699128	0.81758803	0.8719442	0.83428985	0.8817362	0.80491424	0.8471792	0.79144263	0.8544792	0.8245702	0.8847299	0.87106925	0.86058235	0.86278564	0.864313	0.85122836	0.8421068	0.8434788	0.83410805	0.82685226	0.823684	0.85346586	0.82686925	0.8406485	0.8226464	0.7839771	0.7492757	0.85110646	0.80535007	0.874518	0.87099487	0.81415814	0.8413803	0.8770885	0.8257263	0.8698386	0.80699825	0.8021264	0.85748166	0.8599723	0.8937898	0.9053212	0.8413816	0.8003348	0.7652581	0.8516207	0.8662448	0.8890315	0.90809864	0.8984123	0.8823009	0.8717779	0.89736694	0.9061727	0.86568516	0.9198623	0.8974951	0.935939	0.8375626	0.8636562	0.862383	0.8707827	0.8703049	0.8568453	0.80488545	0.88651794	0.8852078	0.8226434	0.9122327	0.80683625	0.8999205	0.8614857	0.81992465	0.8310426	0.9091699	0.8267044	0.8878163	0.8763444	0.8633825	0.82804257	0.8895996	0.9069073	0.78003323	0.8917363	0.83379394	0.8277026	0.8690116	0.87073094	0.8463115	0.87298137	0.85327435
MS.1.9.lemma20.062	0.87526435	0.89219767	0.868414	0.8704175	0.8661067	0.85562867	0.9044361	0.8211154	0.86454284	0.8613966	0.86488175	0.87622684	0.87648445	0.84878874	0.8775976	0.83103377	0.854727	0.83479494	0.8547945	0.8284356	0.8472159	0.8585998	0.8582559	0.8594505	0.8639132	0.78429323	0.7562742	0.9092557	0.87833536	0.89467573	0.91088414	0.81563264	0.88428915	0.9389514	0.81469977	0.88019913	0.8624799	0.8757324	0.8822634	0.88797915	0.9122336	0.90562105	0.87927115	0.8476544	0.82623684	0.9132118	0.86870784	0.9647515	0.9773278	0.9050517	0.8979771	0.8793461	0.9030284	0.92624086	0.88295007	0.9220295	0.9145466	0.91235363	0.89814955	0.89319843	0.9028294	0.86394054	0.9031051	0.89631504	0.8423094	0.9031383	0.9502345	0.87082446	0.9126452	0.8633479	0.9187337	0.89263487	0.8821078	0.9138181	0.9191261	0.88228565	0.89157504	0.8676511	0.90541244	0.8129944	0.89152294	0.8968669	0.8314272	0.8784209	0.8342351	0.9106604	0.87656885	0.87488484	0.9054464	0.8296353	0.88157654
MS.1.9.lemma20.063	0.8500355	0.816097	0.80001736	0.7282498	0.7979407	0.778574	0.8554246	0.7337006	0.8563731	0.8253636	0.8614442	0.83489066	0.8136966	0.7842653	0.80562747	0.7867536	0.7984148	0.79600006	0.8028348	0.7817746	0.7899255	0.7973496	0.7882588	0.79188675	0.78904593	0.71182317	0.7041883	0.83785343	0.7986299	0.8215427	0.8619753	0.8692193	0.8275383	0.84877187	0.78802985	0.8545885	0.80113226	0.83941704	0.8741807	0.8559076	0.83794475	0.83416355	0.7898256	0.7913761	0.78861004	0.8308646	0.8384693	0.84088975	0.8322779	0.83787364	0.84365803	0.7942224	0.80988044	0.8731961	0.7704649	0.81567496	0.84137005	0.8363717	0.8919392	0.9710532	0.8656471	0.81981134	0.8405077	0.85211897	0.820064	0.87631077	0.8513341	0.748772	0.8802289	0.8455151	0.8313106	0.7599999	0.7833458	0.83378315	0.84276277	0.7913958	0.8331854	0.7850321	0.8413956	0.75829506	0.80655	0.8545753	0.8024873	0.80326015	0.83261347	0.829438	0.80495965	0.8273103	0.87445164	0.80454314	0.8136404
MS.1.9.lemma20.064	0.82819283	0.847191	0.8024816	0.765746	0.81323797	0.83117634	0.8898972	0.7660206	0.8152836	0.8416598	0.815466	0.84914947	0.8371388	0.7986861	0.85512453	0.8073375	0.84389144	0.81550056	0.8516283	0.796074	0.8366932	0.82456213	0.84046966	0.805731	0.8329222	0.8050596	0.7393431	0.87677467	0.86493826	0.8533823	0.84570175	0.7824045	0.8385644	0.8955124	0.749082	0.8805628	0.84662884	0.85714245	0.92761886	0.87915987	0.86169076	0.89401025	0.8142967	0.8204469	0.83152366	0.8512123	0.8564501	0.8565184	0.85343564	0.843208	0.82404965	0.7883677	0.7912653	0.85382456	0.78646296	0.8121323	0.8397842	0.8478278	0.9182841	0.9052189	0.94636905	0.8732645	0.86725324	0.83272815	0.79477626	0.87383187	0.85298574	0.7673266	0.8696692	0.8692313	0.8254485	0.818726	0.83727276	0.82990223	0.8320283	0.77837974	0.8395058	0.7907568	0.8501156	0.76591814	0.81461346	0.8628128	0.78888905	0.8321645	0.80937177	0.873201	0.8813233	0.8510587	0.86388266	0.80860704	0.859279
MS.1.9.lemma20.065	0.89033055	0.8948972	0.90230465	0.87595046	0.863213	0.84241486	0.9170494	0.831399	0.8911167	0.8716913	0.88957584	0.89315164	0.8867851	0.8720016	0.90663534	0.87578505	0.8993916	0.8821435	0.8998588	0.87307984	0.8924831	0.8946106	0.8957728	0.88444626	0.8967311	0.808642	0.78529835	0.9131026	0.8909787	0.93604404	0.9183429	0.83700407	0.8843733	0.9288806	0.7870163	0.8896008	0.87745273	0.8901099	0.89950925	0.9158668	0.90345514	0.9400111	0.8809107	0.8441284	0.83732563	0.8989888	0.86166036	0.9292239	0.93845844	0.9328206	0.9045012	0.87642324	0.89996284	0.932365	0.8796857	0.9114289	0.9223347	0.9205803	0.9094048	0.8797793	0.90936524	0.8905301	0.9321672	0.9118229	0.8466945	0.9489112	0.92456055	0.8564589	0.89787596	0.83095556	0.92393863	0.9050453	0.86188614	0.87707317	0.9059567	0.83474416	0.8830026	0.8569783	0.88391656	0.81363404	0.8810937	0.9095838	0.83499086	0.89133006	0.87537223	0.8863498	0.8570653	0.9474679	0.9229928	0.9015549	0.91843337
MS.1.9.lemma20.066	0.9021759	0.89100677	0.9070662	0.8728208	0.8392737	0.8204597	0.87452406	0.83608645	0.89083636	0.8418947	0.89297163	0.87512934	0.8788241	0.83765405	0.86413574	0.8642808	0.8741619	0.86240524	0.87196565	0.84718674	0.85792935	0.87377286	0.8666305	0.854972	0.8631102	0.7906195	0.73458123	0.87599003	0.8361073	0.92929775	0.9007281	0.8277458	0.85383356	0.9110329	0.75777256	0.87599856	0.85710907	0.8701184	0.84679025	0.90359825	0.8892179	0.9237044	0.88942826	0.79148966	0.7859669	0.84835094	0.8366031	0.885058	0.9089301	0.9222628	0.8834867	0.88471913	0.9018162	0.9072294	0.8823488	0.90790784	0.9140164	0.9185989	0.8520503	0.83521605	0.8613898	0.8856133	0.9123219	0.89650613	0.8528182	0.93871063	0.8937271	0.86002934	0.87074584	0.7906605	0.90541583	0.9109736	0.8430899	0.83700174	0.88334334	0.8035072	0.8441629	0.8533324	0.8373785	0.77244395	0.8666806	0.8977643	0.8199536	0.86947614	0.8532584	0.83883595	0.8121786	0.9299246	0.8946616	0.9162808	0.8944912
MS.1.9.lemma20.067	0.8794149	0.886988	0.86111283	0.87141407	0.8253939	0.8197237	0.89431065	0.8135936	0.8692198	0.847963	0.8659617	0.8615176	0.86378896	0.8292543	0.88548404	0.8396324	0.88564557	0.84239924	0.8852451	0.83963567	0.8782532	0.86367434	0.88485485	0.85643965	0.8867042	0.7887218	0.78687966	0.905242	0.8944832	0.92384267	0.9199687	0.81162995	0.8594299	0.9257878	0.7658717	0.88489634	0.8853644	0.8950544	0.8756404	0.9154447	0.87510866	0.8998803	0.88852113	0.8325083	0.81976837	0.8725016	0.84308976	0.9206773	0.91441166	0.9174456	0.8640425	0.86418927	0.8605949	0.90280527	0.87458616	0.8715937	0.8944265	0.8722477	0.90604013	0.86812735	0.8971949	0.8598012	0.9122729	0.90717685	0.8486878	0.90824246	0.894631	0.8474948	0.87297004	0.8168506	0.8928659	0.8884855	0.8770997	0.8871926	0.8800296	0.82898074	0.85759807	0.8198192	0.8706025	0.782095	0.8422412	0.88972497	0.8590374	0.8470429	0.8508318	0.87794644	0.82851475	0.9091893	0.9072238	0.8478313	0.8816821
MS.1.9.lemma20.068	0.80378723	0.8465521	0.8291449	0.7923325	0.792533	0.7935901	0.8228864	0.78613	0.7696213	0.8270723	0.790862	0.8465586	0.81552625	0.7822414	0.8065907	0.806961	0.812297	0.81164724	0.82262325	0.7974153	0.8106293	0.8399978	0.8273681	0.82092	0.81550837	0.79787093	0.70701355	0.8249161	0.78422534	0.8115814	0.81644887	0.73841816	0.83410126	0.86114025	0.77802026	0.8512788	0.78226405	0.78944397	0.8227072	0.83609843	0.8262892	0.87353176	0.8315179	0.7696131	0.76298237	0.8187496	0.8317542	0.83287925	0.83041936	0.86049783	0.8067835	0.83545727	0.81279075	0.8381256	0.82345265	0.82100666	0.8410739	0.8498799	0.8585366	0.8003632	0.8895105	0.9397003	0.87111515	0.83916956	0.79101616	0.84918016	0.8117804	0.7788136	0.82009375	0.82976425	0.8085438	0.83529496	0.8109148	0.8070831	0.8421249	0.7931277	0.8583919	0.83894986	0.86026865	0.7902947	0.85039383	0.86491483	0.78759587	0.82404035	0.7591807	0.7674284	0.8410423	0.81040144	0.8395987	0.7938447	0.83425146
MS.1.9.lemma20.069	0.8410381	0.8694303	0.87503785	0.88604975	0.8255997	0.7817584	0.8795347	0.82530844	0.82570755	0.8472474	0.8393256	0.85992473	0.8567936	0.8640332	0.8920151	0.8498181	0.87052816	0.8626566	0.8813939	0.84032226	0.8623965	0.8830451	0.88604313	0.86135644	0.8738085	0.7956601	0.74085826	0.8810887	0.85077256	0.8816732	0.8685701	0.77781546	0.8531171	0.92119443	0.69868547	0.8276021	0.8284639	0.8458927	0.8284395	0.86567134	0.8435743	0.9188123	0.8799621	0.7764335	0.80113804	0.83586305	0.8196901	0.8953997	0.88548154	0.878128	0.8438869	0.8542363	0.84457207	0.8644434	0.86512697	0.85466576	0.8658637	0.8549979	0.84422034	0.8189216	0.8656079	0.89076304	0.97781503	0.8609853	0.84711677	0.87570477	0.86719215	0.8676858	0.872906	0.80010295	0.8753699	0.88122773	0.809582	0.84902805	0.86944425	0.767585	0.85286313	0.79093736	0.8468247	0.7996596	0.8268603	0.8729584	0.8587694	0.8459978	0.79908717	0.80915654	0.81206274	0.8726085	0.84255546	0.81389165	0.89106554
MS.1.9.lemma20.070	0.8793368	0.8754786	0.84706	0.82680655	0.83786964	0.8134847	0.89582974	0.8149027	0.8661209	0.8871635	0.8824401	0.9012891	0.84446204	0.8211262	0.8658374	0.8331648	0.86086226	0.84069353	0.86588216	0.8297782	0.8525908	0.86159307	0.86664075	0.8481733	0.85979813	0.79150575	0.7628459	0.8817511	0.85880405	0.8866824	0.9039374	0.85099435	0.8908471	0.91256696	0.7793373	0.8612363	0.84720963	0.87254	0.8747597	0.90599984	0.86058694	0.90259	0.86578137	0.8084734	0.8147018	0.8710445	0.84747183	0.915627	0.8987754	0.90066266	0.8895384	0.86719877	0.87364775	0.91283303	0.8448626	0.8717328	0.9008015	0.88540953	0.9297702	0.8950585	0.9110586	0.9035022	0.9179646	0.9281928	0.8808151	0.9142316	0.8903527	0.8046525	0.8674489	0.8413834	0.87758964	0.8645473	0.8423106	0.8685699	0.89644516	0.82526255	0.8835229	0.82488847	0.8787769	0.82983613	0.85442024	0.8822791	0.8636033	0.8447593	0.8647537	0.8705805	0.8411774	0.858705	0.9013253	0.82016355	0.86948043
MS.1.9.lemma20.071	0.7918389	0.87124324	0.8314786	0.8508826	0.8614033	0.91211414	0.9157675	0.80377686	0.8077201	0.8764931	0.80664444	0.88588434	0.86827654	0.82591546	0.84225243	0.808685	0.82388467	0.8268191	0.8284702	0.80954844	0.81709194	0.83457613	0.82547367	0.840629	0.8358932	0.78236437	0.77219754	0.8933358	0.8755027	0.8677518	0.85656095	0.75231516	0.8800303	0.90597314	0.7171811	0.8218606	0.80584085	0.8418096	0.8536321	0.8731314	0.86842865	0.85708284	0.809033	0.8580472	0.83434373	0.9200328	0.8535306	0.89164674	0.91188765	0.8319832	0.8742095	0.8482332	0.8341315	0.8690261	0.8397222	0.84742767	0.841217	0.8702827	0.86703026	0.8557501	0.8769885	0.8247072	0.8430658	0.8661429	0.7415681	0.8770194	0.9593963	0.8160583	0.8574761	0.82250166	0.8970951	0.83134323	0.81426746	0.88981664	0.88051206	0.85034287	0.86782247	0.7844791	0.86331254	0.82301116	0.82112324	0.843031	0.80737126	0.8972205	0.8302688	0.9174649	0.84587675	0.81831455	0.9129106	0.78347737	0.87410384
MS.1.9.lemma20.072	0.91710687	0.87185204	0.9030157	0.8847453	0.8728725	0.8348791	0.8662378	0.8635165	0.90401804	0.8514671	0.91843176	0.8813884	0.8978686	0.8641769	0.8749087	0.8743486	0.8715946	0.86872995	0.8660961	0.868045	0.85360277	0.88381547	0.86357945	0.8710908	0.85929644	0.76595175	0.7398515	0.8747273	0.82561845	0.9265263	0.91099983	0.82180315	0.87197626	0.91764694	0.77711755	0.8579851	0.83971894	0.84533143	0.83087736	0.9190244	0.88378924	0.90013885	0.8751272	0.7985959	0.76981014	0.87990534	0.8389426	0.8945831	0.9181904	0.91952026	0.92552096	0.9075755	0.91790944	0.93175304	0.8953623	0.92259204	0.91464484	0.9093323	0.8388735	0.85845256	0.85717803	0.8742882	0.8913399	0.91876745	0.8499204	0.9106866	0.93637025	0.8872893	0.9030507	0.81269944	0.94238305	0.89733875	0.84241486	0.8799927	0.9120088	0.84675395	0.86176425	0.8345286	0.8538508	0.8056695	0.858592	0.8823925	0.82681185	0.8769071	0.90927804	0.8696634	0.8249435	0.89262223	0.88580817	0.8738698	0.8657059
MS.1.9.lemma20.073	0.82814384	0.8531895	0.8890029	0.95344424	0.8784932	0.850862	0.8515738	0.82343936	0.81636965	0.8180261	0.8278181	0.84718037	0.8485456	0.83713377	0.85572946	0.8281599	0.8390804	0.8356125	0.8408335	0.82663286	0.8284791	0.853326	0.83978724	0.8407833	0.8388865	0.7401594	0.7075272	0.87030196	0.8276222	0.8957242	0.85603213	0.74288255	0.8416179	0.9093737	0.69480485	0.80172783	0.7999921	0.8051553	0.8030223	0.8429374	0.8542833	0.89527315	0.85201275	0.77743566	0.7843023	0.87445366	0.8095634	0.9111699	0.9243491	0.87578726	0.868141	0.9028868	0.88436466	0.876466	0.90695196	0.8946066	0.8714028	0.8781939	0.80772984	0.7958192	0.8289841	0.8389117	0.8796596	0.86114025	0.7873748	0.86813253	0.93666196	0.89133716	0.8495529	0.7757171	0.93728405	0.9124573	0.80954796	0.8525906	0.88329726	0.8005769	0.8399556	0.7810138	0.8219785	0.80626327	0.81791884	0.85904056	0.80754673	0.8720606	0.8078438	0.8592378	0.80545825	0.8675343	0.85816765	0.8190291	0.87567306
MS.1.9.lemma20.074	0.8218976	0.8636575	0.845799	0.8756213	0.8215763	0.8125669	0.8520011	0.8048841	0.7834768	0.8126093	0.7732316	0.82998246	0.81992936	0.78389704	0.8443043	0.8081466	0.8503079	0.80336535	0.8454956	0.80156344	0.8397595	0.8318674	0.8477035	0.8117929	0.84478676	0.73763895	0.685107	0.849576	0.84666014	0.84425217	0.844048	0.7346233	0.8306706	0.90671295	0.71385014	0.8479229	0.84408987	0.84326404	0.8151717	0.84730506	0.84435004	0.85453475	0.83710057	0.77707446	0.7750504	0.84425277	0.7919539	0.8935478	0.8977569	0.85095286	0.81958777	0.86074144	0.8291649	0.83342224	0.8682733	0.84578294	0.8298666	0.83589715	0.84825087	0.7855831	0.85509336	0.8310901	0.87602216	0.8401832	0.7646422	0.8521377	0.8745654	0.8795049	0.83328015	0.7666769	0.8639589	0.9079624	0.8238665	0.82745004	0.8228633	0.78940606	0.81650376	0.7894921	0.8203769	0.7359141	0.7887229	0.8396748	0.8016835	0.8266932	0.7612667	0.83426833	0.7888578	0.83723736	0.8525157	0.7745085	0.85667205
MS.1.9.lemma20.075	0.86428565	0.8578364	0.8479102	0.82414347	0.82481724	0.80761194	0.877196	0.8172644	0.8427666	0.83137137	0.85848963	0.85659194	0.8600127	0.83992505	0.85901505	0.83170986	0.8408478	0.83580434	0.84742326	0.8249611	0.8345127	0.8468307	0.8417224	0.8468818	0.840922	0.74124885	0.74325925	0.878108	0.82751024	0.8624839	0.88308275	0.8141218	0.85107297	0.89689076	0.8318202	0.8896235	0.8357944	0.8398152	0.87033445	0.90807545	0.8905401	0.89157736	0.8568289	0.80695844	0.78651404	0.87010837	0.88335407	0.9287899	0.92205805	0.9044757	0.8682509	0.87629473	0.8835914	0.9152124	0.87102824	0.9034269	0.8898515	0.90043885	0.8833384	0.9430691	0.9042084	0.8673968	0.87443644	0.8748994	0.82635385	0.9042097	0.9101286	0.83991134	0.94525236	0.8976863	0.8828539	0.84358937	0.84972656	0.9038407	0.9114675	0.8727034	0.8707344	0.8590519	0.8974145	0.7898379	0.8917593	0.9108794	0.84360534	0.8672769	0.8497992	0.8530706	0.8698116	0.86733764	0.8763967	0.85210663	0.8460914
MS.1.9.lemma20.076	0.8141587	0.8438058	0.7545932	0.73562044	0.78444606	0.8027466	0.87986827	0.76526994	0.7877217	0.8525842	0.79011005	0.86911076	0.83647275	0.7971943	0.82892436	0.7876919	0.81243074	0.8027057	0.82340133	0.78689057	0.80910236	0.827025	0.83097214	0.8150652	0.82101244	0.75274163	0.755464	0.86695427	0.840557	0.8181922	0.8497778	0.7580653	0.8641704	0.850802	0.8225768	0.87610114	0.83998245	0.8551435	0.86434644	0.8868556	0.8591315	0.8420514	0.795433	0.81447035	0.79445004	0.8560285	0.84206164	0.9023813	0.8748762	0.83155954	0.8118436	0.7901022	0.7871721	0.85339516	0.7804554	0.8151231	0.82619137	0.8600161	0.89659584	0.89868087	0.91238934	0.83086765	0.8281649	0.84294754	0.7583544	0.87570703	0.8708867	0.77361465	0.9234663	0.8992029	0.8194741	0.78512824	0.825784	0.88144773	0.8877387	0.8621648	0.87769824	0.83930886	0.88577104	0.79681444	0.8565235	0.8652965	0.8166457	0.85475576	0.83149946	0.8352987	0.8708483	0.8239647	0.88327044	0.77244514	0.79417014
MS.1.9.lemma20.077	0.8354889	0.86648446	0.8360366	0.80028045	0.82544506	0.82436305	0.895325	0.81362414	0.81462055	0.8683979	0.8364586	0.8781215	0.8454469	0.8426425	0.8672945	0.84078807	0.854469	0.84697413	0.86102897	0.8363399	0.8496812	0.86128443	0.8573735	0.8556542	0.85657704	0.77779716	0.76525563	0.89651155	0.85424834	0.8620321	0.875562	0.78366077	0.87687767	0.89951694	0.80357355	0.8723883	0.84206086	0.8573954	0.8798957	0.901799	0.8699323	0.9171653	0.83988523	0.8279692	0.820031	0.8878788	0.86322296	0.92063177	0.8945864	0.8792797	0.86447215	0.8416721	0.8433519	0.8994225	0.82652193	0.85966945	0.8758468	0.89547	0.89917606	0.90394634	0.93638206	0.87870836	0.87837946	0.8656674	0.81057334	0.8947985	0.90140975	0.80997986	0.916087	0.93846756	0.8677135	0.8410296	0.8355246	0.86961085	0.90462863	0.84367925	0.88120764	0.8705118	0.89266104	0.80954236	0.90684384	0.8962438	0.8299788	0.8863433	0.85056734	0.8590606	0.8948667	0.85702187	0.8806406	0.8304269	0.8618374
MS.1.9.lemma20.078	0.87379634	0.851506	0.87105405	0.92040807	0.89274514	0.841533	0.8572656	0.83592963	0.8676821	0.81584394	0.8833107	0.85191053	0.8715223	0.8493977	0.8584637	0.8352876	0.8414966	0.844295	0.84303576	0.84622	0.8363203	0.8656835	0.8432549	0.84840614	0.83778185	0.75880027	0.73114544	0.87689555	0.81469154	0.9015381	0.8832708	0.8283402	0.8389385	0.9105952	0.75355476	0.84700567	0.819899	0.83940727	0.82286173	0.8569633	0.8783665	0.9071669	0.8551475	0.8188394	0.8154466	0.9042512	0.84082264	0.8993008	0.91964126	0.89567906	0.8831604	0.9036339	0.8966305	0.9075057	0.9034971	0.90664816	0.89628744	0.9082199	0.8221659	0.8322658	0.8415966	0.8396191	0.87781084	0.8677557	0.8162356	0.8872198	0.93204445	0.8754542	0.87262714	0.7850867	0.9771117	0.90511596	0.84457403	0.85086817	0.90059954	0.81785697	0.84686214	0.82411414	0.8374501	0.8031381	0.8631046	0.885937	0.83287024	0.88663775	0.84628	0.84979	0.8195997	0.9028548	0.8587446	0.8768828	0.90830725
MS.1.9.lemma20.079	0.7722379	0.83106256	0.80677867	0.84390575	0.8253578	0.86220855	0.86085653	0.78379303	0.76034456	0.7996819	0.74062324	0.80531764	0.7942642	0.7627148	0.8190218	0.7781681	0.8206936	0.7824798	0.8172174	0.77457225	0.8103681	0.79634005	0.8144423	0.79068637	0.82156396	0.74557364	0.6899919	0.84219074	0.8514767	0.8366623	0.81319547	0.6896689	0.80458575	0.8894943	0.63381493	0.8087674	0.81190723	0.82054347	0.82422763	0.8121138	0.8194419	0.8163058	0.78508806	0.811217	0.79654205	0.8653089	0.77168685	0.83890367	0.8693796	0.79367113	0.80792356	0.8177252	0.78024334	0.8050338	0.8243348	0.79519576	0.79257375	0.8042816	0.83914036	0.7634248	0.8379888	0.7778528	0.8231965	0.8029613	0.70793754	0.82162946	0.87445587	0.8378352	0.78440726	0.73865503	0.859931	0.8690706	0.79308254	0.80625266	0.7756848	0.7426566	0.7834228	0.7231379	0.7881119	0.71426123	0.7381317	0.7967017	0.7455912	0.82442826	0.75374925	0.8687406	0.77102536	0.79186445	0.8517609	0.7327479	0.85144305
MS.1.9.lemma20.080	0.8402397	0.83934665	0.8528433	0.87220305	0.7922989	0.73560905	0.7992258	0.8117741	0.8107013	0.7535093	0.8141283	0.79195267	0.8170381	0.79082745	0.8447259	0.8209462	0.85246295	0.8076038	0.8459485	0.81332713	0.84321153	0.8318839	0.8438061	0.8113577	0.84573597	0.75919753	0.68270266	0.8219768	0.79793733	0.8651562	0.8446873	0.7473865	0.769407	0.8700217	0.7132127	0.8233039	0.8083984	0.8182679	0.76901364	0.8304716	0.8414183	0.88661873	0.87303466	0.74230224	0.7463641	0.8010321	0.8159993	0.86608976	0.8747103	0.88811773	0.81505716	0.88125324	0.84633255	0.8420906	0.9038714	0.8656254	0.8799883	0.87411964	0.7936091	0.7247436	0.8177704	0.83518344	0.878817	0.820873	0.80423504	0.8440417	0.82244754	0.8474176	0.8072521	0.70986253	0.86860245	0.9822389	0.8361938	0.7611253	0.8034465	0.7212799	0.7766368	0.8069618	0.77819943	0.69846475	0.80978215	0.8584966	0.78959006	0.79904383	0.7422128	0.77252966	0.7744063	0.8912136	0.79190034	0.84872526	0.8565462
MS.1.9.lemma20.081	0.91476494	0.90491587	0.8426838	0.8462195	0.8522341	0.79343367	0.8792557	0.8364186	0.89727646	0.84465694	0.9102189	0.86564064	0.90836453	0.8365143	0.8471613	0.8412143	0.8419642	0.8453458	0.8449001	0.8443529	0.83813924	0.86308664	0.8402892	0.857958	0.83730376	0.78734624	0.75020856	0.8796808	0.81452715	0.8849775	0.9062891	0.86763924	0.8515912	0.90732825	0.8347182	0.9125016	0.8612096	0.87999225	0.8466782	0.89720315	0.89371645	0.9267048	0.94365424	0.8502788	0.81351876	0.8609133	0.92098856	0.90586776	0.9210189	0.9512291	0.8832734	0.910518	0.8861756	0.9244927	0.9153307	0.90421844	0.927356	0.9123505	0.8793375	0.865856	0.8965925	0.9040205	0.89478636	0.879649	0.90055144	0.9060296	0.88274217	0.84539014	0.8938859	0.83953935	0.9035532	0.8938885	0.9601113	0.90022117	0.91791105	0.8685336	0.88673145	0.87649715	0.90485275	0.8225594	0.9123201	0.92901313	0.86267364	0.87792146	0.8556569	0.8342612	0.8655273	0.8840065	0.8734526	0.8851978	0.8771919
MS.1.9.lemma20.082	0.8134991	0.8905519	0.78759736	0.80163854	0.7832917	0.7986933	0.8585972	0.77950954	0.8195863	0.8271817	0.817504	0.8371017	0.87374383	0.77413315	0.77965444	0.7845832	0.7851521	0.8026185	0.7917094	0.79389304	0.7835756	0.80975986	0.78187954	0.8121871	0.7837353	0.75335866	0.73600554	0.829181	0.7870325	0.8233808	0.8366061	0.78490174	0.82199043	0.8530484	0.73960274	0.82898337	0.7980697	0.83212376	0.8088774	0.83617777	0.8288042	0.866821	0.9143515	0.8414944	0.8130491	0.8210599	0.90842783	0.84059197	0.86099005	0.8671051	0.8286629	0.85216206	0.81051564	0.8537067	0.85298014	0.8222956	0.86033493	0.8275614	0.84074277	0.82031846	0.8476208	0.8361353	0.83152735	0.8168088	0.8296608	0.85391134	0.8432002	0.78110874	0.8171502	0.77918595	0.8365457	0.81214637	0.9170124	0.88181853	0.8722944	0.8527122	0.85554576	0.8005758	0.87003565	0.81943953	0.8453559	0.8493792	0.82074547	0.84240675	0.8068571	0.7881665	0.8048343	0.79658294	0.83435655	0.799886	0.83416134
MS.1.9.lemma20.083	0.8606547	0.84261596	0.8518525	0.82099795	0.80958027	0.8027691	0.8653743	0.8077171	0.85214794	0.79444313	0.82579434	0.8049196	0.8150796	0.8074108	0.8684976	0.81961757	0.86457264	0.81718516	0.86303645	0.81247306	0.85861164	0.8336933	0.86333495	0.82191634	0.8606444	0.8194962	0.7458076	0.8610489	0.8537475	0.90096533	0.85138416	0.77743405	0.79025906	0.8850019	0.70950323	0.85431916	0.8556686	0.8655392	0.85685194	0.8503252	0.86092436	0.91538674	0.8594778	0.8142767	0.820741	0.8656473	0.81206846	0.8773692	0.8855161	0.87937397	0.8461222	0.82587934	0.83825284	0.88134056	0.838599	0.85181665	0.89450485	0.87564594	0.8279777	0.79552346	0.86975557	0.83382255	0.8780225	0.84642035	0.83519995	0.87200487	0.85366195	0.804548	0.84670746	0.7877037	0.863375	0.9010371	0.86394906	0.8370675	0.85708725	0.78649294	0.8236877	0.8334616	0.82792646	0.7483218	0.8594396	0.8566063	0.775214	0.82694167	0.7889102	0.848159	0.8441751	0.8948107	0.8180269	0.8589544	0.86952317
